<http://id.loc.gov/authorities/subjects/sh2008113041>	Turbulence--Mathematical models
<http://id.loc.gov/authorities/subjects/sh2010117786>	Vibration--Mathematical models
<urn:rula:cef32db44dc8e649229addf2109d20762f538500aacb0903041989db35342d63>	Eddies--Mathematical models
<http://id.loc.gov/authorities/subjects/sh85040941>	Eddies
<http://id.loc.gov/authorities/subjects/sh2008103862>	Fluid dynamics--Mathematical models
<http://id.loc.gov/authorities/subjects/sh98005245>	CANDU reactors
<http://id.loc.gov/authorities/subjects/sh85092987>	Nuclear fuel elements
