<urn:rula:9701f11de1aec6d972c6f5a44e4cdbac2c7ab4e9b076572b53723712f4172cce>	Power-plants--Simulation methods
<http://id.loc.gov/authorities/subjects/sh85105986>	Power-plants
<urn:rula:fc1313c0de786e20f9e1e106108727e8e6355ac4463dad7076ada9be5a5f45cb>	Wind power--Mathematical models
<http://id.loc.gov/authorities/subjects/sh85146874>	Wind power
<urn:rula:63529e678b1c5434336e30d952bfca1655e26257d8eee48d2a85f45d1c168e22>	Probabilities--Computer simulation
<http://id.loc.gov/authorities/subjects/sh85107090>	Probabilities
<urn:rula:6b98ebd46ec3eeff466145022f88e7bece29940571c8a45159cceb287dd4e4b3>	Probabilities--Mathematical models
<urn:rula:c92cd2a894fc2986fced665c60913d627018ef3985b3044f36060a4b8b51f0fd>	Wind forecasting--Mathematical models
<http://id.loc.gov/authorities/subjects/sh85146855>	Wind forecasting
<http://id.loc.gov/authorities/subjects/sh85019859>	Capacitors
