<urn:rula:77494f9880fe7d69e8d494232bfaebaadba73990d300fa7a794eb403b80cdbb1>	Married people--United States--History--20th century--Interviews
<http://id.loc.gov/authorities/subjects/sh85081522>	Married people
<urn:rula:771545609ea019ca32ee563f508bd2278d03cbe7f517f8daed49f2779cf6e1cd>	Photograph albums--Social aspects--United States
<http://id.loc.gov/authorities/subjects/sh85101196>	Photograph albums
<urn:rula:9d48180fef5becfd9a881c15d3fd9679313a79ada111deee6233bccea1dafa99>	Weddings in popular culture--United States--History--20th century
<http://id.loc.gov/authorities/subjects/sh98007598>	Weddings in popular culture
<urn:rula:0d716417700370bb4d8c7ee9f7c838436c0ee0a8c44754db1ce99fdbb18daf25>	Wedding photography--United States--History--20th century--Case studies
<http://id.loc.gov/authorities/subjects/sh85145900>	Wedding photography
