<urn:rula:4b39b2dc6278de95b589b25bd8d2e30698e2e4bfb09ac95b927c24502d903d89>	Clothing trade--Environmental aspects--Ontario--Toronto
<http://id.loc.gov/authorities/subjects/sh85027174>	Clothing trade
<urn:rula:d08aca25fd78ba009f59069eeb503d979d6672b48a043c2761f137244716453e>	Fashion merchandising--Environmental aspects--Case studies
<http://id.loc.gov/authorities/subjects/sh85047384>	Fashion merchandising
<urn:rula:562c1bdd174042535f38c6bebbb14f6345b56ea6c736a6f9e8377a34049edbc2>	Zara Ltd
<http://id.loc.gov/authorities/subjects/sh85107202>	Product life cycle
<http://id.loc.gov/authorities/subjects/sh2007001468>	Sustainable design
<http://id.loc.gov/authorities/subjects/sh90005735>	Social responsibility of business
