<urn:rula:e7da1e90e8d90af37ed72cf4ad0d6c4b567c159bc32bc854514540892c15d4b7>	Motion pictures--United States--Pictorial works
<http://id.loc.gov/authorities/subjects/sh85088112>	Motion pictures--United States
<urn:rula:df0f10c0145cd42fef2e6c2af2b868f393911ed92e31d66dddd5be08e66289a6>	George Eastman House--Photograph collections
<urn:rula:6cbac9048f2ff615aebc3381b2e4f3054ba2268758f031f2cfba97933da6bb3f>	Warner Bros.--Photograph collections
<http://id.loc.gov/authorities/subjects/sh94004191>	Stills (Motion pictures)
