<urn:rula:df0f10c0145cd42fef2e6c2af2b868f393911ed92e31d66dddd5be08e66289a6>	George Eastman House--Photograph collections
<http://id.loc.gov/authorities/subjects/sh96008576>	Museums--Collection management
<urn:rula:02451ed57428e46949b4b4a39493d6889e40553f380faccf39b6e143bb4d9f48>	Postcards--Germany--History
<http://id.loc.gov/authorities/subjects/sh85105462>	Postcards
<urn:rula:bfb3beeb72b6df964f51a6457589991cc930e528b14a53b8f7cc98644197ff76>	World War, 1914-1918--Germany--Portraits
<http://id.loc.gov/authorities/subjects/sh85148236>	World War, 1914-1918
