<urn:rula:b236aad82582dd4bd46ac4f316d63d735c1b4e3f2a97ddd81ad4c7d0b8d5b3a3>	Manufacturing industries--Cost control--Mathematical models
<http://id.loc.gov/authorities/subjects/sh97001369>	Manufacturing industries
<http://id.loc.gov/authorities/subjects/sh2009124407>	Flexible manufacturing systems--Mathematical models
<http://id.loc.gov/authorities/subjects/sh94003373>	Job rotation
<http://id.loc.gov/authorities/subjects/sh85107202>	Product life cycle
<http://id.loc.gov/authorities/subjects/sh85040834>	Economic lot size
<http://id.loc.gov/authorities/subjects/sh85107090>	Probabilities
