<http://id.loc.gov/authorities/subjects/sh00005932>	Bacteriology
<http://id.loc.gov/authorities/subjects/sh85082974>	Medical microbiology
<urn:rula:234920dc5d440be1c1e3da65591747f9226b7cebe1a579d27591425734de6826>	Health facilities--Sanitation
<http://id.loc.gov/authorities/subjects/sh85059543>	Health facilities
<http://id.loc.gov/authorities/subjects/sh89001286>	Biofilms
<http://id.loc.gov/authorities/subjects/sh85010820>	Bacteria--Physiology
<http://id.loc.gov/authorities/subjects/sh85002587>	Indoor air pollution
