<http://id.loc.gov/authorities/subjects/sh85014146>	Biogeochemistry
<http://id.loc.gov/authorities/subjects/sh89001286>	Biofilms
<http://id.loc.gov/authorities/subjects/sh85096311>	Oxidation-reduction reaction
<urn:rula:93c814609c77b1819d4a7446f90b1bcf73e82610b0e33dec04b94c59cc4850cd>	Uranium mill tailings--Saskatchewan--Management
<http://id.loc.gov/authorities/subjects/sh85141291>	Uranium mill tailings
<urn:rula:769eed2bdb9edd1eb06f325768685769083087759437f4ceedc9ba3c4acea0cc>	Uranium mill tailings--Saskatchewan--Environmental aspects
