<urn:rula:f467cdb8ec57a980d43a5cb6776a63c91544ec4869cd4011d1f2507b3e5925d8>	Japanese Canadians--Employment--Ontario--Toronto
<urn:rula:e3b6b9f26d51a602b946dc321e50d8003a7e66041405a5f3fb4f183aac1c40e1>	Accreditation (Education)--Ontario
<http://id.loc.gov/authorities/subjects/sh85000437>	Accreditation (Education)
<urn:rula:07f928b261e478311b67f8a2a4329d8ebd1ae746d6f820bc2a5971cebd4209df>	Minority professional employees--Ontario
<http://id.loc.gov/authorities/subjects/sh2006003773>	Minority professional employees
<urn:rula:c8fd1ea9de5d830ecbdef69c3079af32eab81f9675d35cd807f28aa06b3d91ed>	Discrimination in employment--Ontario
<http://id.loc.gov/authorities/subjects/sh85038388>	Discrimination in employment
<urn:rula:f415e0342a79758a85b9a8374e9b3b5e3c7b5a776913f40c742c3a2440b8849e>	Immigrants--Employment--Ontario
<http://id.loc.gov/authorities/subjects/sh85064517>	Immigrants
