<urn:rula:9c8620c453f5b096224357b5830638abc9a4c0e0748adc6345344e5c12505d9b>	Product placement in mass media--Case studies
<http://id.loc.gov/authorities/subjects/sh2003007216>	Product placement in mass media
<urn:rula:d5043d3ed875d727f0243d7eed19efcd34a2429dad4bd446aa6c0eff633ed41c>	Product placement in mass media--History
<urn:rula:f9dc152fca6279597e94b01ebf4049fc046a6c267384fd6254b5f7a2e3307e04>	Advertising--Moral and ethical aspects
<http://id.loc.gov/authorities/subjects/sh85001086>	Advertising
<http://id.loc.gov/authorities/subjects/sh85001101>	Advertising--Brand name products
<http://id.loc.gov/authorities/subjects/sh95005262>	Subliminal advertising
<http://id.loc.gov/authorities/subjects/sh85081333>	Marketing
