<urn:rula:250b1997d063b60d4823171340319105fc949875a93afb75a9d6648fe61479b6>	Computer network protocols--Design
<http://id.loc.gov/authorities/subjects/sh85029512>	Computer network protocols
<http://id.loc.gov/authorities/subjects/sh2008004547>	Wireless sensor networks
<urn:rula:2393a3571be0ac57bd46546b84dc971d60f393e2b4465201e29139e5ef95d83c>	Wireless communication systems--Design
<http://id.loc.gov/authorities/subjects/sh92006740>	Wireless communication systems
<http://id.loc.gov/authorities/subjects/sh91000149>	Computer algorithms
<urn:rula:31abbe5d082253bd86220dd2638e7b8b06745858c654c99aa477ee529e445562>	Energy dissipation--Prevention
<http://id.loc.gov/authorities/subjects/sh90000752>	Energy dissipation
