<http://id.loc.gov/authorities/subjects/sh95005232>	Invasive plants
<urn:rula:f124d0dea661a1a9fddcd6cff02e28565b383d61bc86158384d514d705d169f0>	Aquatic plants--Ontario--Toronto
<http://id.loc.gov/authorities/subjects/sh85006241>	Aquatic plants
<urn:rula:670ad77de2751568c3e9ade6553034d294ff22ae0065f59da5a1a94bf65e30e2>	Water gardens--Environmental aspects--Ontario--Toronto
<http://id.loc.gov/authorities/subjects/sh85145559>	Water gardens
<urn:rula:e4471288b267c40e436a581fdc58b269ec2caeb397eb1eb7c1169e66096f65ed>	Aquariums--Environmental aspects--Ontario--Toronto
<http://id.loc.gov/authorities/subjects/sh85006225>	Aquariums
<http://id.loc.gov/authorities/subjects/sh00002321>	Logistic regression analysis
<urn:rula:16e09fd3dad1463b5cff8a62e5f69f02c6ad50f93233de05c0ea4f4a79c63630>	Invasive plants--Control
