<http://id.loc.gov/authorities/subjects/sh85067222>	Intercultural communication
<http://id.loc.gov/authorities/subjects/sh86001816>	Career development
<urn:rula:d83e0a065cfa66e162dc3cc5a2b7fba02087a794aadf9cbbb68e713d4b18d09d>	Skilled labor--Employment
<http://id.loc.gov/authorities/subjects/sh85123160>	Skilled labor
<http://id.loc.gov/authorities/subjects/sh00005553>	Immigrants--Cultural assimilation
<urn:rula:7f83f4f693eb8310bdde35bd496b98dcdc24f01ea16ad65224027d6174284f0f>	Immigrants--Employment--Ontario--Toronto
<http://id.loc.gov/authorities/subjects/sh85064517>	Immigrants
