<urn:rula:116c136d7a53681758ea2e99085b90fd7d536dc806df213249d5294292dadbbb>	Heterocyclic compounds--Synthesis
<http://id.loc.gov/authorities/subjects/sh85060525>	Heterocyclic compounds
<http://id.loc.gov/authorities/subjects/sh86007058>	Heterocyclic chemistry
<http://id.loc.gov/authorities/subjects/sh86004134>	Organometallic chemistry
<urn:rula:2f1933c2edde8ac12ded9a6f635a8e9fae17a0b23f17de12c13395b5a4a71375>	Molecular structure--Mathematical models
<http://id.loc.gov/authorities/subjects/sh85086594>	Molecular structure
<http://id.loc.gov/authorities/subjects/sh85086598>	Molecules--Models
