<urn:rula:349fb577786ec20791e58ce77ba7474779671849f297b47bf80beb86b58a5f3f>	Facebook (Electronic resource)
<urn:rula:010b3c46ac188cb5b20115277bfa2cb97ee13ad3eeacc8f10e7734258d242e6a>	Lululemon  Athletica
<urn:rula:8e5dc69de93d35369a3408171a306e6befeb6779bc6f2ca894a3b58e7db8c457>	Branding (Marketing)--Case studies
<http://id.loc.gov/authorities/subjects/sh2007006470>	Branding (Marketing)
<http://id.loc.gov/authorities/subjects/sh97009091>	Customer loyalty
<http://id.loc.gov/authorities/subjects/sh2006006990>	Online social networks
<urn:rula:be1e78506697db446f95f55688f49be5a187e6e188973f96da18c5d7fdbb7cfd>	Internet marketing--Case studies
<http://id.loc.gov/authorities/subjects/sh2005004726>	Internet marketing
