<http://id.loc.gov/authorities/subjects/sh85051154>	Fracture mechanics
<urn:rula:bd2de6454d3c6cba873e8c049defc7cdb25d6be107820e64d9ecca8c1d1df3a3>	Composite materials--Fatigue
<http://id.loc.gov/authorities/subjects/sh85029397>	Composite materials
<urn:rula:5ed2f19162fc72ac6ab9aaf55df98742c1f0d95fa8249b1399199b935976f5d9>	Composite materials--Fatigue--Mathematical models
<http://id.loc.gov/authorities/subjects/sh85128457>	Strains and stresses
<http://id.loc.gov/authorities/subjects/sh85010582>	Axial loads
<urn:rula:06243c4d86cad6e05a88ddd0013de1c2919c40e14b588b8a84861ea446d175ca>	Metallic composites--Fatigue--Mathematical models
<http://id.loc.gov/authorities/subjects/sh85084114>	Metallic composites
