<urn:rula:bf2c211008733bb6e8a16b5cd9a1e99a4926bb1853cea6eaea5b17d91d3289cd>	Solar water heaters--Testing
<http://id.loc.gov/authorities/subjects/sh85124549>	Solar water heaters
<http://id.loc.gov/authorities/subjects/sh85040203>	Dwellings--Heating and ventilation
<urn:rula:2277b314d9f5ff5ec5c6f44a939968c32e219beed8953873f9c39c8c4f4d8aa1>	Solar water heaters--Evaluation
<urn:rula:5c57a0be0ffce7cc56f427580c6d3fb2d1322da9bb1df6defd59610c59f52066>	Solar water heaters--Design and construction
<urn:rula:4da6a39ea483adedb0bdb6b48fb3a22f0c1e5694953a62e6fe7c75783b80ccd1>	Dwellings--Ontario--Energy conservation
<http://id.loc.gov/authorities/subjects/sh85040251>	Dwellings--Ontario
<urn:rula:fcd8ea8938ba5e427c10814b173336f6bcf55c7233b77fe8b48b2c84500359e4>	Dwellings--Energy consumption--Computer simulation
<http://id.loc.gov/authorities/subjects/sh85040200>	Dwellings--Energy consumption
