<urn:rula:b7437cec7e64564fdd858dcec08594e8c065a9e506db6a0e6da51f08b3598273>	Academic achievement--Ontario--Toronto
<http://id.loc.gov/authorities/subjects/sh85000296>	Academic achievement
<urn:rula:89dec27e716b5454445604d5179517043b660b879d1c5a2e5a7c19d986a703a6>	Racism--Ontario--Toronto
<http://id.loc.gov/authorities/subjects/sh85110266>	Racism
<urn:rula:def7c1856d151bcef63e1eadafcfe33d41a5c4fd3c1b10d1537c6786c82247ba>	High school dropouts--Ontario--Toronto
<http://id.loc.gov/authorities/subjects/sh85060695>	High school dropouts
<urn:rula:84366a09c20e8dc17d7ff01d90806835630ad52dd20753ff40c5122a5b90e424>	Blacks--Canada--Education
<http://id.loc.gov/authorities/subjects/sh85014672>	Blacks
<urn:rula:3005696b7fb7a5c8a4f88ab9c96110507dcc1f87e98adbdd50f0cb75a07d7b07>	Black Canadian students--Ontario--Toronto--Social conditions
<urn:rula:d2f5ff18a20729c32fb0f728d1c71914bfe782df79477091791f57ee64bad233>	Education, Secondary--Ontario--Toronto
<http://id.loc.gov/authorities/subjects/sh85041082>	Education, Secondary
