<urn:rula:11b57e7392cdd31b6f70a27e43d1f8dc9a284f9553095ac7e8fb0021c6b0de2b>	Three-dimensional imaging--Digital techniques
<http://id.loc.gov/authorities/subjects/sh2001000478>	Three-dimensional imaging
<http://id.loc.gov/authorities/genreForms/gf2011026096>	3-D films
<http://id.loc.gov/authorities/subjects/sh85128015>	3-D television
<http://id.loc.gov/authorities/subjects/sh85041689>	Electric filters
<http://id.loc.gov/authorities/subjects/sh85135021>	Three-dimensional display systems
<http://id.loc.gov/authorities/subjects/sh85064446>	Image processing
