<urn:rula:ce09484b0bb49a9344b489120620bd44984b42887635eb2a192d5947fda3cbaa>	Micromachining--Mathematical models
<http://id.loc.gov/authorities/subjects/sh96011311>	Micromachining
<urn:rula:9cdff026a577756aa473407ea9233a3f02d040dd21b69d5d84e9e4d143346abc>	Polymeric composites--Surfaces--Mathematical models
<http://id.loc.gov/authorities/subjects/sh85104659>	Polymeric composites
<urn:rula:83459c754841aeadec9e4511ff0ed7d1b63b7ee4d5c0d675664848f840f8d83a>	Polymeric composites--Erosion--Mathematical models
