<urn:rula:d1469fab17f5a544941db7bc1ccf388aa3e2738b459b60641b564e43585fd9dd>	Mobile robots--Design and construction
<http://id.loc.gov/authorities/subjects/sh88005238>	Mobile robots
<urn:rula:7dbeaea2b73cee60f4de2ec42bc8b44fc312bafa519d7875fe8dc15c20a344c0>	Animal behavior--Simulation methods
<http://id.loc.gov/authorities/subjects/sh00007743>	Animal behavior
<urn:rula:9c9a6dc949a8ba444d9012f9e41c14a11c3ef1480bda01f0a0d54aaed7cc66f2>	Adaptability (Psychology)--Simulation methods
<http://id.loc.gov/authorities/subjects/sh85000799>	Adaptability (Psychology)
<http://id.loc.gov/authorities/subjects/sh88003681>	Intelligent control systems
<http://id.loc.gov/authorities/subjects/sh89000711>	Biomimetics
