<urn:rula:84c58409e674d7b62760cec7876cd792eede4eed1641f669bd9ffa9042d14935>	Long-term care facilities--Ontario--Toronto
<http://id.loc.gov/authorities/subjects/sh85078270>	Long-term care facilities
<urn:rula:c945ced8c034a85d918cb1733ce433524c5e3569e9fe44ed65b3c550b5addac1>	Ethnic groups--Ontario--Toronto
<http://id.loc.gov/authorities/subjects/sh85045172>	Ethnic groups
<urn:rula:12d421ea67d949395931edef631f756953dc60a927eb7e61c7d0153f708acdce>	Medical care--Ontario--Toronto
<http://id.loc.gov/authorities/subjects/sh00005607>	Medical care
<urn:rula:65b0fc531f4dcd3fe9ee456fa40e15c68daadeeea1b5892606dd24b8cf978fa5>	Minorities--Medical care--Ontario--Toronto
<http://id.loc.gov/authorities/subjects/sh85085806>	Minorities--Medical care
<http://id.loc.gov/authorities/subjects/sh88004309>	Transcultural medical care
<urn:rula:8140f8edd3a755d66842d40a93a5b0f4ee4baaa481a637c799df3479ccdcacc7>	Older people--Care--Ontario--Toronto
<http://id.loc.gov/authorities/subjects/sh85002090>	Older people--Care
<http://id.loc.gov/authorities/subjects/sh93001610>	Multiculturalism
