<urn:rula:a481da2d1902fb72e4f3f78d5be9c3c10fa9927f6476bab032772b6e8286d519>	Urban landscape architecture--Designs and plans
<http://id.loc.gov/authorities/subjects/sh95003397>	Urban landscape architecture
<http://id.loc.gov/authorities/subjects/sh2009119939>	City planning--Ontario--Toronto
<urn:rula:bd018a08cb7865c8d962d102345505076d95656d7496c0a790c8cd6e7bdce91e>	Parks--Ontario--Toronto--Planning
<http://id.loc.gov/authorities/subjects/sh85098186>	Parks--Ontario
<urn:rula:3a0b06ec27916f2c8798d1359adc2aa8952b0275664bd51126327dc30bc75a1d>	Park districts--Ontario--Toronto
<http://id.loc.gov/authorities/subjects/sh85098095>	Park districts
<urn:rula:2e80ffa311310fb80d63e6e90ece6b02bb4af9b35ee7f00f12a47e86d88f36a7>	Open spaces--Ontario--Toronto--Planning
<http://id.loc.gov/authorities/subjects/sh85094892>	Open spaces
<urn:rula:b50f6820c2dd9d7f072013a5c14fdaa16982d87ec561776cb8b3e70ac1d293a6>	Land use, Urban--Ontario--Toronto
<http://id.loc.gov/authorities/subjects/sh85074353>	Land use, Urban
