<urn:rula:6ea0d4ec4cdcd86fb5cd7cc290b5e77e7a45faa5a50e8d875c13c0cec7830505>	Photographs--Conservation and restoration--Study and teaching--Evaluation
<http://id.loc.gov/authorities/subjects/sh85101198>	Photographs--Conservation and restoration
<urn:rula:d923a0b6c2d6d486fe7200e157e73e3b6e757d259dedf83ef41ba77f4e0a3c49>	Joint Graduate Program in Photographic Preservation and Collections Management
<urn:rula:c67ccb48dc873b5ec9d6b1a76f483eb897b9093137f6501155fb8909f2c3e99b>	George Eastman House
<urn:rula:d03be840117560f123f89b70dc4b2b0d4642037841da667902621eb04d01850d>	Rochester Institute of Technology. Image Permanence Institute
