<urn:rula:ed54687458d83ad8ebfcc2cd543f2fc9569b3acc305d561452ec1940d1da0288>	Girders--Vibration--Mathematical models
<http://id.loc.gov/authorities/subjects/sh85055005>	Girders--Vibration
<urn:rula:bb8e4965a529615ac9bb9af0416d0917f499c01f4d791942b01070b558d94944>	Steel I-beams--Testing
<http://id.loc.gov/authorities/subjects/sh85127828>	Steel I-beams
<http://id.loc.gov/authorities/subjects/sh2009127557>	Iron and steel bridges--Design and construction
<http://id.loc.gov/authorities/subjects/sh85016839>	Bridges--Floors
<urn:rula:b0e5f5bcd7593c889669865035ee1dfdf225dfddad4147923bd73ba3a5dda567>	Bridges--Vibration--Mathematical models
<http://id.loc.gov/authorities/subjects/sh85016849>	Bridges--Vibration
<http://id.loc.gov/authorities/subjects/sh2007102154>	Concrete bridges--Design and construction
