<urn:rula:dd60c63b2ce94cf8d7b72c23451d33d92f8984c690373f81d54e8d4018957bb5>	Lumbar vertebrae--Mathematical models
<http://id.loc.gov/authorities/subjects/sh85142894>	Lumbar vertebrae
<http://id.loc.gov/authorities/subjects/sh85072381>	Kinematics
<urn:rula:be66bc643c8b44125b1297a3d9d4ec30ee8128a6d1b34c746a6557bfd17d5335>	Biomechanics--Mathematical models
<http://id.loc.gov/authorities/subjects/sh85014236>	Biomechanics
<urn:rula:a7ce26ad639fa802525373b1a51e00b26328766d2e829c15841d4dcddd55b502>	Biomechanics--Case studies
<http://id.loc.gov/authorities/subjects/sh85062883>	Human mechanics
