<urn:rula:4c51eedcfc43d6363f07d2e968658fc38b09fc60b1065640dd40b9b090ea2bf1>	Sewage sludge--Environmental aspects--Canada
<http://id.loc.gov/authorities/subjects/sh85120516>	Sewage sludge
<urn:rula:580328d3c3b3178b913a91cefd7c54cdb3d878067cf0fd6092f2b2ff920745d8>	Sewage disposal in the ground--Environmental aspects--Canada
<http://id.loc.gov/authorities/subjects/sh85120503>	Sewage disposal in the ground
<urn:rula:4dad374d028272fafccde6b5425396c216afcf66e911e15724465cd26fd38a8c>	Water quality--Environmental aspects
<http://id.loc.gov/authorities/subjects/sh85145600>	Water quality
<http://id.loc.gov/authorities/subjects/sh85124340>	Soil ecology
<http://id.loc.gov/authorities/subjects/sh85045914>	Eutrophication
<http://id.loc.gov/authorities/subjects/sh85124440>	Soils--Phosphorus content
