<http://id.loc.gov/authorities/subjects/sh85026472>	Civilization, Modern--19th century
<urn:rula:0a09732d0eec1fee270c8e08777c55189e21e7863f859276e918e34d3ec6cb42>	Tintype--19th century--History and criticism
<http://id.loc.gov/authorities/subjects/sh85135543>	Tintype
<http://id.loc.gov/authorities/subjects/sh85001441>	Aesthetics
<http://id.loc.gov/authorities/subjects/sh85125911>	Space and time
<urn:rula:a90a2e0ed3370e403105050a8795b07fec5bc26b249d0f6a704e3eb8cd718e48>	Portrait photography--19th century
<http://id.loc.gov/authorities/subjects/sh85101240>	Portrait photography
<urn:rula:76e0cfe24930af644aec74c8c6a6f935d8abcba5e26db8586737c7a207fd2ef2>	Tintype--United States--History--19th century
<urn:rula:df0f10c0145cd42fef2e6c2af2b868f393911ed92e31d66dddd5be08e66289a6>	George Eastman House--Photograph collections
