<urn:rula:41904efd7404f0e3731725c5ebbcb96cb896ac578e67e6a79c028b7b4043cd5d>	Women, East Indian--Ontario--Toronto--Social conditions
<http://id.loc.gov/authorities/subjects/sh2010012751>	Women, East Indian
<urn:rula:e7668d2b7aa65945d879842d3f183a2c623caedbad58f5df2010e4914b0b3517>	Panjabis (South Asian people)--Ontario--Toronto
<http://id.loc.gov/authorities/subjects/sh85097465>	Panjabis (South Asian people)
<urn:rula:ca87b84d88fb1b1ea762f03b78b41d54d023aa22398ce15fe2efd33c4d54ebbe>	Trucking--Ontario--Toronto
<http://id.loc.gov/authorities/subjects/sh85138145>	Trucking
