<urn:rula:4944abf227cf372dc151da37e548a9ba1961e8ab32dc9fc8620ecc5049fa74f2>	Royal Ontario Museum--Photograph collections
<urn:rula:3e8b3b6933a4ae72d0b70e99a0763d5f2f78def2b537cfd50762d6feb5676b01>	Photographs--Conservation and restoration-- Case studies
<http://id.loc.gov/authorities/subjects/sh85101198>	Photographs--Conservation and restoration
<http://id.loc.gov/authorities/subjects/sh85020876>	Cataloging of pictures
<urn:rula:1a9f110fce7f71a7b785bd315ea8706579f7bcdf2089e6e1b1f591dd6ce3d95e>	Museums--Collection management--Ontario--Toronto--Case studies
<http://id.loc.gov/authorities/subjects/sh96008576>	Museums--Collection management
