<http://id.loc.gov/authorities/subjects/sh85122397>	Signal processing
<urn:rula:21bc3bd9f186af91a4bb724a62becd224c48e04f93bfd6ef680c5120773d3a5c>	Field programmable gate arrays--Computer-aided design
<http://id.loc.gov/authorities/subjects/sh93009062>	Field programmable gate arrays
<urn:rula:1322d92eb6cc12a24556496347ea8c01245a0b0465a3b77cf42a6c574c271bd0>	Biomedical engineering--Computer simulation
<http://id.loc.gov/authorities/subjects/sh85014237>	Biomedical engineering
<http://id.loc.gov/authorities/subjects/sh85074991>	Lattice theory
<http://id.loc.gov/authorities/subjects/sh85112014>	Recursive functions
<http://id.loc.gov/authorities/subjects/sh91000149>	Computer algorithms
