<http://id.loc.gov/authorities/subjects/sh93001610>	Multiculturalism
<urn:rula:efde77258efcf17dc80ae9a6699a2488846390f4def8c716e125cf134ef59d9f>	Minorities--Services for--Ontario--Toronto
<http://id.loc.gov/authorities/subjects/sh85085811>	Minorities--Services for
<urn:rula:0299cfb2fbbb8e402c1980b0626fa61429abde81edd166cd76d58c6383574173>	Immigrants--Ontario--Toronto--Economic conditions
<http://id.loc.gov/authorities/subjects/sh85064517>	Immigrants
<http://id.loc.gov/authorities/subjects/sh86007360>	Non-governmental organizations
