<urn:rula:cb8388f118ff37f89ae2a645db2b57af9563c08a3ac756e9dc1e7ae8e397e7f3>	Animal waste--Environmental aspects
<http://id.loc.gov/authorities/subjects/sh85005243>	Animal waste
<http://id.loc.gov/authorities/subjects/sh85131669>	Synthetic products
<http://id.loc.gov/authorities/subjects/sh85120474>	Sewage--Purification--Filtration
<http://id.loc.gov/authorities/subjects/sh85120466>	Sewage--Purification--Biological treatment
<http://id.loc.gov/authorities/subjects/sh85120495>	Sewage--Purification--Ultraviolet treatment
<http://id.loc.gov/authorities/subjects/sh2002001701>	Sewage--Purification--Anaerobic treatment
