<urn:rula:a311ab8ccc6ecd952f23a8d696c3e842523694bd8006e9f1fd4ee9f6d3218dd5>	Buildings, Portable--Design and construction
<http://id.loc.gov/authorities/subjects/sh85017810>	Buildings, Portable
<http://id.loc.gov/authorities/subjects/sh85125909>	Space (Art)
<http://id.loc.gov/authorities/subjects/sh85134581>	Theater architecture
<http://id.loc.gov/authorities/subjects/sh85134593>	Theaters--Stage-setting and scenery
<http://id.loc.gov/authorities/subjects/sh99000332>	Alternative spaces (Arts facilities)
