<urn:rula:3733fc80931f41ac9ea42006598390406f8eedc5277958472a770d7409350259>	Building materials--Ontario--Toronto
<http://id.loc.gov/authorities/subjects/sh85017740>	Building materials
<urn:rula:654839940099e65d3c5e76c22b5f207018bc2b379ee435a87c9e181771204acd>	Sustainable construction--Ontario--Toronto
<http://id.loc.gov/authorities/subjects/sh2009003365>	Sustainable construction
<urn:rula:fc346315021f5c2e54101fb26fe1dd123e1c90ccf1f24ab9e9529d071ec5fe3b>	Materials management--Ontario--Toronto
<http://id.loc.gov/authorities/subjects/sh2002007919>	Materials management
