<urn:rula:f17d89a4142f49bef5a61539bb50778652a675ec09283819669fc022eed276f2>	Integrated circuits--Cooling--Mathematical models
<http://id.loc.gov/authorities/subjects/sh85067117>	Integrated circuits
<urn:rula:abee336fcae22ddeec3731f3d2eaaf40ee88ef0057264061ad90fa1e2279bb24>	Electronic circuit design--Testing
<http://id.loc.gov/authorities/subjects/sh85042276>	Electronic circuit design
<urn:rula:10fe0f5f4e4c51984b1de7a5478694d7313989c91527e80737e2111586fa30c0>	Integrated circuits--Design and construction--Mathematical models
<http://id.loc.gov/authorities/subjects/sh85067118>	Integrated circuits--Design and construction
