<urn:rula:6709bd8de793eb90f0a34155b14ba4c408671c99e0395d2314770c994f660751>	Romanians--Québec (Province)
<http://id.loc.gov/authorities/subjects/sh85115055>	Romanians
<http://id.loc.gov/authorities/subjects/sh85003502>	Foreign workers
<http://id.loc.gov/authorities/subjects/sh00009276>	Transnationalism
<urn:rula:3936897950a0614d7a09c22da877b4ac18eff64202109eb9e95dabd6593c4fb0>	Québec (Province)--Emigration and immigration--Government policy
<urn:rula:3384323a41a8f165ca3799de19fed62242a26422488b8752358a9099ff81cb24>	Foreign workers--Government policy--Québec (Province)
