<urn:rula:e4da1d1b281bd205e7227917b32950776b4cefe760bcd695a1f1af2258e18a5a>	Star trackers--Design and construction
<http://id.loc.gov/authorities/subjects/sh85127379>	Star trackers
<urn:rula:3133eaf65cfa2cbd0ab2bb55829d6bde2b65529291e74b74d88f048fcdaff8c3>	Star trackers--Measurement
<http://id.loc.gov/authorities/subjects/sh85117635>	Satellites
<http://id.loc.gov/authorities/subjects/sh85127913>	Stellar inertial navigation systems
<http://id.loc.gov/authorities/subjects/sh85125974>	Space vehicles--Attitude control systems
