<urn:rula:597ef6386526e8b7e44c7f7a4107c6dff0986357022dc1e5f210f061dc9fd2a5>	Fishery management--Belize--Case studies
<http://id.loc.gov/authorities/subjects/sh85048696>	Fishery management
<urn:rula:05ec11700cba93372dfd28b8fc5d184d7fbdbdf1efe81f77c311a694aa2d75f3>	Marine parks and reserves--Evaluation
<http://id.loc.gov/authorities/subjects/sh85081239>	Marine parks and reserves
<urn:rula:ade74ab57b7eb143ef1e144247b2663cf67d452863dbc609273e92060fd49553>	Nassau grouper--Belize
<http://id.loc.gov/authorities/subjects/sh98001038>	Nassau grouper
