<http://id.loc.gov/authorities/subjects/sh2008113839>	World War, 1914-1918--Pictorial works
<urn:rula:24c125ed760c776554bf850c80f60fc4bc67b9d3fe462d4996bd6723774f3d51>	War photography--Social aspects--Great Britain
<http://id.loc.gov/authorities/subjects/sh85145197>	War photography
<urn:rula:8f727a8eb614c863cef23e67202df66d06aadb55dc871b3e06eedbe73325420c>	Art Gallery of Ontario--Collections
<http://id.loc.gov/authorities/subjects/sh2010119484>	World War, 1914-1918--Censorship--Great Britain
<urn:rula:ce63d3b657df6c54fc025f20d3302e4a9c2faa0b4841c50a0b5a6a4c33a3039a>	World War, 1914-1918--Photography
<http://id.loc.gov/authorities/subjects/sh85148236>	World War, 1914-1918
