<urn:rula:1cd124373d5591e3dfde70ee889e0d335869e3fd699c8b303efcc5894f4e4bf2>	Child health services--Ontario--Evaluation
<http://id.loc.gov/authorities/subjects/sh85023366>	Child health services
<urn:rula:2b468b50d2305ab1b8086b229d1795739749e37aa307d170498ddebe5f44dd84>	Child health services--Ontario--Case studies
<urn:rula:ea3140d956a3df8fa74573d8718b8f3824d6813b91d5823480a04f994db103b4>	Sick children--Services for--Ontario--Evaluation
<http://id.loc.gov/authorities/subjects/sh85122281>	Sick children
<urn:rula:0c4259fe9809cb5c963a94595d79b37bbd2c64f2cfe592297b992f9086fb16cc>	Sick children--Services for--Ontario--Case studies
<urn:rula:2abaf1b2a0f4130051140b16daa20cfddc32abfac9f9faa903b69eb4402167f7>	Chronically ill children--Services for--Ontario--Evaluation
<http://id.loc.gov/authorities/subjects/sh85025402>	Chronically ill children
<urn:rula:978741bb445381561561290cf07842fda7371ec1141f112e0b83bc52967ae3fb>	Chronically ill children--Services for--Ontario--Case studies
