<urn:rula:dce4136eb54fab5f8de34e51690204a020ca026c7daa79d5386e969ccfbd7234>	Art Gallery of Ontario--Photograph collections--Conservation and restoration
<urn:rula:12ddc9103e87c09b4b1ebf5c4cc36ba8b5eda555da6b0b83b1eb2961d6b22b10>	Oceania--Pictorial works--Conservation and restoration
<http://id.loc.gov/authorities/subjects/sh85093910>	Oceania
<http://id.loc.gov/authorities/subjects/sh85101198>	Photographs--Conservation and restoration
<http://id.loc.gov/authorities/subjects/sh85020876>	Cataloging of pictures
