<urn:rula:cdfd302cbae729d38285d2629c79d3e98bd12c6e92b6b1a16b2e516c85043893>	Injection molding of plastics--Design--Mathematical models
<http://id.loc.gov/authorities/subjects/sh85066431>	Injection molding of plastics
<urn:rula:f17cd673b65a5e38ebdde7df048e73bb66c856f6c0f82482faf53e0da7335967>	Plastics machinery--Equipment and supplies--Mathematical models
<http://id.loc.gov/authorities/subjects/sh85103215>	Plastics machinery
<urn:rula:9ff104daaf537d95235adc54543201de2b569cd8d494e54244e9b64ad5b09ae2>	Screws--Design and construction--Mathematical models
<http://id.loc.gov/authorities/subjects/sh85118961>	Screws
<http://id.loc.gov/authorities/subjects/sh85104672>	Polymers--Rheology
