<urn:rula:5d7c2950bbc089d789b24b0e7ebe6b33fa801067a188935c6fcd5a0b9a403321>	Homeless persons--Housing--Canada
<http://id.loc.gov/authorities/subjects/sh85061718>	Homeless persons
<urn:rula:38a81e94610326861ae68ad78abe91331ff63e6574955f6f2c56f6e92c589231>	Public housing--Canada
<http://id.loc.gov/authorities/subjects/sh85108673>	Public housing
<urn:rula:4e119145c31275988e97c39a4ec8871a26c4760170eeb6bd4de7b2aa974129fe>	Shelters for the homeless--Canada
<http://id.loc.gov/authorities/subjects/sh87005163>	Shelters for the homeless
<urn:rula:2ee895b91774dca03c1da84dec990b8ac58b86612d0d0cea9158c6abfa8af3eb>	Architecture, Domestic--Canada
<http://id.loc.gov/authorities/subjects/sh85006722>	Architecture, Domestic
