<urn:rula:847fa27a55f87ccbf049259024754b3d993c04057c8cc5d116df48387ab383c2>	SafetyAnalyst (Computer file)
<urn:rula:1af4c5a5ba197cf5c15d20b02ef1de80a7fbb74516ffb08585b2e4826dd84238>	Traffic safety--Ontario--Methodology
<http://id.loc.gov/authorities/subjects/sh85136774>	Traffic safety
<urn:rula:c565b74c784e2ca0159cb4aad09bb64f209394da79f726d23c31c2a1ebd208a5>	Traffic safety--Ontario--Mathematical models
<urn:rula:580b744579d2dfe65160650f47962083b83fa80eb8615aa76edc2fe76785c330>	Traffic safety--Computer programs--Testing
