<urn:rula:57114976ba6532c7d5ba1c0de7a8c395d3ba4b9daf90c0e644b1d06b26c6f9e9>	Parks--Ontario--Toronto--Evaluation
<http://id.loc.gov/authorities/subjects/sh85098186>	Parks--Ontario
<urn:rula:5181d61c65e5a36e3e180d54f522199375b68b1339f9a7707b158a311dd6b5d5>	Municipal government--Ontario--Toronto
<http://id.loc.gov/authorities/subjects/sh85088468>	Municipal government
<urn:rula:03e7bfd896908469237b88af27fd2f8b118d9aa070166a5c55d087ef832c2e26>	Parks--Management--Ontario--Toronto
<http://id.loc.gov/authorities/subjects/sh85098123>	Parks--Management
