<urn:rula:603dea27b0bf6706ca8b61bfed1ea0d0d16454bcbd84f1f2e0046e070569979f>	Nasmyth, James, 1808-1890
<http://id.loc.gov/authorities/subjects/sh85101381>	Photomechanical processes
<urn:rula:b4477bcf9f096d504f0c49cc021658967c2442d50b75e3d5a0f108e8be08c596>	Moon--Pictorial works--19th century--Catalogs
<http://id.loc.gov/authorities/subjects/sh85087137>	Moon--Pictorial works
<urn:rula:36406eb17e914b148e45a9b37232c0f255266c1e42db7bf2cd06d6fd0d307c87>	Moon: Considered as a Planet, a World, and a Satellite
