<http://id.loc.gov/authorities/subjects/sh2010113630>	Social responsibility of business--India
<http://id.loc.gov/authorities/subjects/sh2008124009>	International business enterprises--India
<urn:rula:c2ad711ba2a9c587058df32d1bf803d7cbce0a9e413319f27e8f7dc1e46c7cde>	Agricultural chemicals industry--Social aspects
<http://id.loc.gov/authorities/subjects/sh85002283>	Agricultural chemicals industry
<urn:rula:6ce63e098e0815fce4fc230e9c40bb6058e718f9cdcb9f581d742a2bb8c0d6b4>	Agricultural chemicals industry--Self regulation--India
<urn:rula:2f80f30f9ee9e90761c0c09a4658e4d215515215c82ab11c5998af0f11e17432>	Disclosure of information--India
<http://id.loc.gov/authorities/subjects/sh90003174>	Disclosure of information
<http://id.loc.gov/authorities/subjects/sh2009118323>	Corporate governance--India
