<urn:rula:6029d6e49ce7f985e4e784a2d045a1a3ea88930afd7716d65b7820a2f3b6f8a6>	Nursing--Study and teaching--Canada
<http://id.loc.gov/authorities/subjects/sh85093380>	Nursing--Study and teaching
<urn:rula:98a7f2bfeddce573f3c25b15834daaf4cad52d22f62732e287bcc2a0255148cc>	Nursing--Canada
<http://id.loc.gov/authorities/subjects/sh85093362>	Nursing
<urn:rula:3b3daffca5e828f91f5af2daa7823b45dbe2d4f2cc15513db15222f2b9171a6d>	Nurses--Employment--Canada
<http://id.loc.gov/authorities/subjects/sh2010104058>	Nurses--Employment
<http://id.loc.gov/authorities/subjects/sh85093357>	Nurses--Supply and demand
<urn:rula:39d37ff1343a70b22428a5810ac3aa4d083e2237b94863bf6d27ba046850dccb>	Nursing--Practice--Canada
<http://id.loc.gov/authorities/subjects/sh85093373>	Nursing--Practice
