<urn:rula:c6b01cf95a549393f1d90734e6810bd95eb9ef7c0886f6f4046cb7df81b73339>	Emigration and immigration--Canada
<http://id.loc.gov/authorities/subjects/sh00005907>	Emigration and immigration
<http://id.loc.gov/authorities/subjects/sh2008114564>	Canada--Emigration and immigration--Government policy
<urn:rula:3425a6c797179e1bb2787a121f0feca29622eed304d1b9bf90eab7af6b0de1a2>	Neoliberalism--Canada
<http://id.loc.gov/authorities/subjects/sh2005001629>	Neoliberalism
<urn:rula:13c25b6ee4db6b30b9a750c6717e1cffed9469512802ace7fbad1c2f514025fa>	Illegal aliens--Canada
<http://id.loc.gov/authorities/subjects/sh85003553>	Illegal aliens
<urn:rula:c210176df11a6db55ad8b6cb8604b8e11dd37ee480a3b46544787201292b674f>	Human smuggling--Canada
<http://id.loc.gov/authorities/subjects/sh2002001970>	Human smuggling
<urn:rula:a8ab6241f79db8cdee6b8fb8a48341e59edfb20500789cf2449637059adb037b>	Human smuggling--Prevention
