<urn:rula:493104fbb40b780a5e4ddb7f81eede880bf45c3312e9c1e21ce629ae007e6793>	Aerodynamics--Computer simulation
<http://id.loc.gov/authorities/subjects/sh85001295>	Aerodynamics
<http://id.loc.gov/authorities/subjects/sh92000880>	Virtual reality
<urn:rula:03a976cdb6375e9b80b6e69ba3a95aae3898c0c03d6dedffeb076dd8e3c7a44e>	Virtual reality--Technological innovations
<urn:rula:3d3479d78e1108f697bd9d4bf298e8ff772139f2a66eb89a76efc1f058fc13ab>	Flight simulators-- Computer programs
<http://id.loc.gov/authorities/subjects/sh85049125>	Flight simulators
