<urn:rula:0f75837f107e2f71aa5e8ae624feb07c26ef876f712b0e80fd37300564e7dca2>	Pavements, Flexible--Design and construction
<http://id.loc.gov/authorities/subjects/sh85098863>	Pavements, Flexible
<urn:rula:1d62f169e60aa96b592957ef371f54fdd36012846c2d48e34b7d23c394b2de27>	Pavements, Flexible--Ontario--Evaluation
<urn:rula:6a7e4f17296d364e433cf25d363afadc8f2f018fd673937095f8090985144ed2>	Mechanistic-Empirical Pavement Design Guide
<urn:rula:409087f570376451905dac43f395bba790f51e7a2247cfcf3875ab4e39a1eb2a>	Pavements--Design and construction--Handbooks, manuals, etc
<http://id.loc.gov/authorities/subjects/sh2008108989>	Pavements--Design and construction
