<http://id.loc.gov/authorities/subjects/sh85008302>	Artists' books
<http://id.loc.gov/authorities/subjects/sh85029482>	Computer art
<http://id.loc.gov/authorities/subjects/sh85003487>	Algorithms
<http://id.loc.gov/authorities/subjects/sh2008105866>	Human ecology--Philosophy
<http://id.loc.gov/authorities/subjects/sh85094833>	Ontology
<http://id.loc.gov/authorities/subjects/sh2002012491>	Manuscripts
<http://id.loc.gov/authorities/subjects/sh2008122106>	Humanities--Data processing
<http://id.loc.gov/authorities/subjects/sh85029500>	Computer graphics
