<urn:rula:578981b033dc1f89b853f3a160c362d9a30715332623bf1a35bd2df8f91a4e74>	Industrial efficiency--Measurement
<http://id.loc.gov/authorities/subjects/sh85041196>	Industrial efficiency
<http://id.loc.gov/authorities/subjects/sh85107216>	Production management
<http://id.loc.gov/authorities/subjects/sh85065889>	Industrial management
<http://id.loc.gov/authorities/subjects/sh85065892>	Industrial management--Employee participation
<http://id.loc.gov/authorities/subjects/sh85148134>	Work--Physiological aspects
