<urn:rula:1dc1bc804c122d4ffddbb372ae9021aaae51eb5a33a7bc95ff8a4d10200d1aba>	Accessory apartments--Ontario--Toronto
<http://id.loc.gov/authorities/subjects/sh85000363>	Accessory apartments
<urn:rula:4163d4ae022088e8eb3f98331b27490b71f7c1fffb982cbb600121f9cc5ef6d0>	Rental housing--Government policy--Ontario--Toronto
<http://id.loc.gov/authorities/subjects/sh85112882>	Rental housing
<urn:rula:422fe4dbd9419e117c522e470242b6a5ee10023e014a462feb8bc53bb79bade0>	Rental housing--Ontario--Toronto
<urn:rula:1dcd655bd452c40c37e1c28003c4535fd2534e823819cbc5c4795e03477eea90>	Accessory apartments--Government policy--Ontario
