<urn:rula:45e444f93f613a08daa141127c1ec59bdf3eafbb7f49f5cc1ed084b244be3bb6>	Sustainable agriculture--Canada
<http://id.loc.gov/authorities/subjects/sh87004216>	Sustainable agriculture
<urn:rula:380bcdbfb7e9fed26657a04452175281d4f7e768f33b328be5f2d22f5b96350f>	Food consumption--Canada
<http://id.loc.gov/authorities/subjects/sh85050268>	Food consumption
<http://id.loc.gov/authorities/subjects/sh2009000375>	Sustainability
<urn:rula:e085d4ebb430c0e84d73e9df2ebb5e7017719a651aa22e10b97d6f62ac79825e>	Agricultural ecology--Canada
<http://id.loc.gov/authorities/subjects/sh85002307>	Agricultural ecology
<urn:rula:ef82da5cfa1680a154d4276af671de76e98052ef2a0e31a94d70121d321e2f7b>	Agriculture--Environmental aspects--Canada
<http://id.loc.gov/authorities/subjects/sh90003962>	Agriculture--Environmental aspects
