<urn:rula:4f2cc6cad83379297272f828381478e241699802f77bc453e4cbfcbcfd72d728>	Land use, Urban--Government policy--Ontario--Toronto
<http://id.loc.gov/authorities/subjects/sh85074353>	Land use, Urban
<urn:rula:d3a885c32df61494ef0ab57fb5f560bf51037214cb60b1391b9c935ea37abee3>	Recreation areas--Ontario--Toronto--Finance
<http://id.loc.gov/authorities/subjects/sh85111955>	Recreation areas
<urn:rula:bf43d0c59f84fcb453d6aa97a7f4b9c90c1ded36f4a7f0b5c08391509f43c9c6>	Parks--Ontario--Toronto--Finance
<http://id.loc.gov/authorities/subjects/sh85098186>	Parks--Ontario
<urn:rula:0b4c73e8b2209094ef91f0e5cd03df741e9a2b5552b08b0f2a23ca1bc3d1b858>	Parks--Government policy--Ontario--Toronto
<http://id.loc.gov/authorities/subjects/sh85098213>	Parks--Government policy
<urn:rula:9ff43e963f71bdbca5327b1ff9ae1b3fa5a469272b7f46591c1f9f6dc9c558ca>	Dedication to public use --Ontario--Toronto
<urn:rula:4e987b311b45d929cee6a7b66f64f33ec783b986a242ba0a936414cf0d148a47>	Urban parks--Ontario--Toronto
<http://id.loc.gov/authorities/subjects/sh98001733>	Urban parks
