<urn:rula:679f5b43b9a28d8a884fa4de0c74b0895f9e1abf2693445cd0b866c8608eb420>	Regional planning--Environmental aspects--Ontario
<http://id.loc.gov/authorities/subjects/sh2010110465>	Regional planning--Environmental aspects
<urn:rula:7af3d658a9d3b182c2cc374f8f867526503a2770cf015676eae8cd39c0ec1248>	Cities and towns--Ontario--Markham--Growth
<http://id.loc.gov/authorities/subjects/sh85026130>	Cities and towns
<urn:rula:203f960539fbb9d57d4e6397489b88d27bff81e2bde47263f443009cdd317074>	City planning--Ontario--Markham
<http://id.loc.gov/authorities/subjects/sh85026282>	City planning
<urn:rula:17d1c51c942876da6ac012d69a1502ba9599aed9f9fd4963f30024fa067f46dc>	Regional planning--Ontario--Markham
<http://id.loc.gov/authorities/subjects/sh85112367>	Regional planning
