<urn:rula:a771d240f2a315af23c5958b86e86e34495f1a1191e2a901df28d70116b76ca4>	World Wide Web--History
<http://id.loc.gov/authorities/subjects/sh95000541>	World Wide Web
<http://id.loc.gov/authorities/subjects/sh2008124053>	Internet--History
<http://id.loc.gov/authorities/subjects/sh85033842>	Creative ability in technology
<urn:rula:250b1997d063b60d4823171340319105fc949875a93afb75a9d6648fe61479b6>	Computer network protocols--Design
<http://id.loc.gov/authorities/subjects/sh85029512>	Computer network protocols
<urn:rula:f9785c5486165d9ffd4cb200260cc2e8d04666e33411f55839735b50071c53e2>	World Wide Web Consortium
