<urn:rula:2d593ed933d09caab0e32bac18e6bb6b747be0f7add1a176c90d859952fc3c83>	Sask Tel
<urn:rula:cfe45a4394d1657a8ab642a309bdb7f900b14c2063b98d826cfc0ce41e77def5>	Telecommunication policy--Saskatchewan
<http://id.loc.gov/authorities/subjects/sh85133299>	Telecommunication policy
<urn:rula:6a5ed5b410a04223859ee3a9de87a19002d4972058c818905283f7404ccd387b>	Telecommunication--Law and legislation--Saskatchewan
<http://id.loc.gov/authorities/subjects/sh85133279>	Telecommunication--Law and legislation
<urn:rula:e201918c795fee9f2b55f9ef46cd4341606dad9e133e18384511bb4218d60638>	Telephone--Saskatchewan
<http://id.loc.gov/authorities/subjects/sh85133365>	Telephone
<urn:rula:e618ab3a848caafbca719987a30ae5852df87deea087b131fbd5ef7372ff9a1a>	Internet--Government policy--Saskatchewan
<http://id.loc.gov/authorities/subjects/sh92002816>	Internet
