<http://id.loc.gov/authorities/subjects/sh2001006206>	Internet in higher education
<http://id.loc.gov/authorities/subjects/sh86007348>	Education, Higher--Effect of technological innovations on
<http://id.loc.gov/authorities/subjects/sh2003004628>	Blogs
<urn:rula:a56310b92980c999bc594567e7ffc9d00ba1a7d8fefefb9e18b25f9cf51955cf>	Universities and colleges--Computer networks
<http://id.loc.gov/authorities/subjects/sh85141086>	Universities and colleges
<http://id.loc.gov/authorities/subjects/sh85041150>	Educational technology
