<http://id.loc.gov/authorities/subjects/sh96008899>	Video recording in social service
<http://id.loc.gov/authorities/subjects/sh87005950>	Communication in community development
<urn:rula:f747cae002a8a49f71979c6ba90df9d17649dc4bb09f908c51c8d62b72dab22f>	Problem youth--Services for
<http://id.loc.gov/authorities/subjects/sh92002391>	Problem youth
<urn:rula:c15f5778ae52040a425480174fd9dfc718f6d39640ff804773c2d222ab6b41e4>	Video recordings--Social aspects
<http://id.loc.gov/authorities/genreForms/gf2011026723>	Video recordings
