<urn:rula:35400b533bd55868012283c66203e078c7bdb488b87e900b2b3898c03b1ea87d>	Prostitutes--Legal status, laws, etc.--Canada
<http://id.loc.gov/authorities/subjects/sh85107622>	Prostitutes
<urn:rula:d8dd1abb2844cc1bc40f455ec7259768ecf0a45870feb2ec36f2fa6ac6a6a868>	Prostitution--Law and legislation--Canada
<http://id.loc.gov/authorities/subjects/sh2013003427>	Prostitution--Law and legislation
<urn:rula:5bc93effe732854cf41f58ed5295f65986040e50ce7a0bf24198c1cf6d3f56ae>	Prostitutes--Civil rights--Canada
