<urn:rula:66bbea55f042947bd1d07321209b537913b1c5d8d91c4254b8534eac620b0ac0>	Reinforced concrete construction--Earthquake effects
<http://id.loc.gov/authorities/subjects/sh85112451>	Reinforced concrete construction
<urn:rula:1c22ec747e14f89aaad21420b5f198d34ce7bc38086eda138b86e38690d218b2>	Water towers--Earthquake effects
<http://id.loc.gov/authorities/subjects/sh85145660>	Water towers
<urn:rula:0a2a42dbfd29b550a99814714528ed4e97672f26e4e604aa5bdb2ca1f9882deb>	Concrete tanks--Design and construction
<http://id.loc.gov/authorities/subjects/sh85030746>	Concrete tanks
<http://id.loc.gov/authorities/subjects/sh2008121127>	Fracture mechanics--Mathematical models
