<http://id.loc.gov/authorities/subjects/sh85014685>	Blacks--Race identity
<urn:rula:6023d2d44e40ea7791e94c646acbb018ba7bf27ea20b347586bc5c7ab564ad5c>	Blacks--Blogs--Ontario--Toronto
<http://id.loc.gov/authorities/subjects/sh85014672>	Blacks
<urn:rula:ebb2c94b2dc8c266e5bd6bb2ec70b4752437967fd18cf9ae136d5974476b500e>	Blacks--Blogs--Québec (Province)--Montreal
<urn:rula:cd242407a9142a3e091c830bccd731b26c5c13fb47814928626ce17d277279d7>	Fashion--Blogs--Québec (Province)--Montreal
<http://id.loc.gov/authorities/subjects/sh85047377>	Fashion
<urn:rula:65d1004088389970ef200ec2281b5cffb84d8566b3d2bb248c5680092fefecc5>	Fashion--Blogs--Ontario--Toronto
