<urn:rula:8b1df892fc438cac89578b795597d6ab1a7455d00aa71784dee090f83435a7e3>	Indigenous peoples--Clothing--North America
<http://id.loc.gov/authorities/subjects/sh85090174>	Indigenous peoples
<http://id.loc.gov/authorities/subjects/sh91001411>	Fashion designers
<http://id.loc.gov/authorities/subjects/sh93007118>	Appropriation (Art)
<urn:rula:6b6efa3e13631c9597b46848097c399cecad28f615ab1e768e774c85a89f7e79>	Fashion--Moral and ethical aspects
<http://id.loc.gov/authorities/subjects/sh85047377>	Fashion
<urn:rula:42134bcea470cd9e1b6468bf3c5aa1851a4af7002b6ebd592c7ab17f432ab352>	Indigenous peoples--North America--History
