<http://id.loc.gov/authorities/subjects/sh85044178>	Environmental impact analysis
<http://id.loc.gov/authorities/subjects/sh2009103393>	Environmental policy--Ontario
<http://id.loc.gov/authorities/subjects/sh2010114805>	Strategic planning--Environmental aspects
<urn:rula:6617bd9197675d06fe08352b73b49cc526e384b56720c2b106b794522cdce9f0>	Energy policy--Ontario
<http://id.loc.gov/authorities/subjects/sh85043147>	Energy policy
<urn:rula:70b873626ee86322569a64c9f76160f8dd41aedb2690c21efab9045296f50fb6>	Environmental protection--Ontario
<http://id.loc.gov/authorities/subjects/sh85044203>	Environmental protection
<urn:rula:3697937dd2652bc5db6ac3a7c414b6b2fbc09a5c96413ec2f688573bf8fe41b8>	Sustainable development--Government policy--Ontario
<http://id.loc.gov/authorities/subjects/sh92005743>	Sustainable development
