<urn:rula:f04ab288b302c9305fa4f965a550c75eec615e9bdc681456ff41bcfb0da219e8>	Community policing--Ontario--Toronto
<http://id.loc.gov/authorities/subjects/sh92003440>	Community policing
<urn:rula:8c8fd1d7d7a57876af3d767917b25f9e1da8974372e9b0c79197e9fa67888887>	Police services for juveniles--Ontario--Toronto
<http://id.loc.gov/authorities/subjects/sh85104248>	Police services for juveniles
<urn:rula:85d8f1c62dd1bd2484b249053178de8379a4db3be9ad34dd8cf280ce57d9a04b>	Youth with social disabilities--Attitudes
<http://id.loc.gov/authorities/subjects/sh85124173>	Youth with social disabilities
