<urn:rula:265d8bdeaeb9b1f4e19f7ef2b17fa4ad2895336182072ce2fa95b3cd506a870e>	Chaotic behavior in systems--Mathematics
<http://id.loc.gov/authorities/subjects/sh85022562>	Chaotic behavior in systems
<urn:rula:e1a6fb2e50f4d7aefa5a0199d0db5aec5a825f637e6c50c5e552fbb6f97a8e19>	Differential equations, Nonlinear--Mathematical models
<http://id.loc.gov/authorities/subjects/sh85037906>	Differential equations, Nonlinear
<urn:rula:72bb341337e1a8582e44966f363e7b1a0f5fae578af6980ac4b047e165a57660>	Financial institutions--Data processing
<http://id.loc.gov/authorities/subjects/sh85048306>	Financial institutions
<urn:rula:06eb6b8678873798189104afb49b7bf94568d76b1a1e5e34b9aa4668221c7163>	Bifurcation theory--Mathematical models
<http://id.loc.gov/authorities/subjects/sh85013940>	Bifurcation theory
