<http://id.loc.gov/authorities/subjects/sh85147165>	Witnesses
<urn:rula:2aeebe285dbdff29b82c975520f5617a0475cdaf14473c4cf53428f30233d51a>	False testimony--Psychological aspects
<http://id.loc.gov/authorities/subjects/sh85046995>	False testimony
<urn:rula:8098c3057377cc1bdd1a030ca4e6afe030e21a16d874c103eeac339fa8b42f4a>	Truthfulness and falsehood--Psychological aspects
<http://id.loc.gov/authorities/subjects/sh85138286>	Truthfulness and falsehood
<urn:rula:7982189ab81bb46b82be848bec933ac1709950cf4799990d6655c3f8417ba44f>	Alibi--Psychological aspects
<http://id.loc.gov/authorities/subjects/sh85003495>	Alibi
