<urn:rula:f7e718ed4ca0c449aa3128e9ffb511181bc43931fb35f208bf8d1f18015bb671>	Organic compounds--Synthesis--Planning
<http://id.loc.gov/authorities/subjects/sh85023025>	Organic compounds--Synthesis
<http://id.loc.gov/authorities/subjects/sh97000493>	Intelligent agents (Computer software)
<http://id.loc.gov/authorities/subjects/sh90004869>	Knowledge representation (Information theory)
<urn:rula:5ba189fcbf5b61c5d7c69016b9e3193b318d64d2cd789d66b892290aecc10b22>	Organic compounds--Synthesis--Data processing
