<http://id.loc.gov/authorities/subjects/sh91005166>	Cognitive neuroscience
<http://id.loc.gov/authorities/subjects/sh85088809>	Music--Physiological aspects
<http://id.loc.gov/authorities/subjects/sh85042138>	Electroencephalography
<urn:rula:b1f91dcf04071d2f7ae262b277c359fab01a9b79143e21c60d124e9589f325d6>	Musical perception--Testing
<http://id.loc.gov/authorities/subjects/sh94003817>	Musical perception
<http://id.loc.gov/authorities/subjects/sh85091160>	Neuroplasticity
<urn:rula:c1bdbc671c6d64edab804abc408035ffd072fea61753cfb5973b8cbc10dfd5bf>	Musical meter and rhythm--Physiological aspects
<http://id.loc.gov/authorities/subjects/sh85089010>	Musical meter and rhythm
