<urn:rula:08793f8df88798343d6931456704214fc798520316aaaac9fddfde0ddae5c7f9>	High-rise apartment buildings--Energy consumption--Ontario--Toronto
<http://id.loc.gov/authorities/subjects/sh85060689>	High-rise apartment buildings
<urn:rula:fb5def867520d05318ccbc02b5c6c9e811eb27519a363bd79d6b56186ebee24d>	Landlord and tenant--Ontario--Toronto--Attitudes
<http://id.loc.gov/authorities/subjects/sh2009128745>	Landlord and tenant--Ontario
<urn:rula:a8d5042dd5c4a2f3f1ffede493faea2f35d45417409865af5d46093fe39762a1>	High-rise apartment buildings--Energy conservation--Ontario--Toronto
