<urn:rula:ba8258dbad9aace40a14de6bfcd23eb4bae5f43952e1bc46194f2eb0383861dc>	Robots--Control systems--Calibration
<http://id.loc.gov/authorities/subjects/sh89001406>	Robots--Control systems
<http://id.loc.gov/authorities/subjects/sh2010006963>	Manipulators (Mechanism)--Calibration
<urn:rula:6ea485c59bf2a09de92fd05bba579973e6b2e7a0821bc8ca061e6be6e13003ac>	Computer vision--Industrial applications
<http://id.loc.gov/authorities/subjects/sh85029549>	Computer vision
<urn:rula:fd1161eec15f90b1ac5b7affbb27975d5611608f983c85b49bf0f482698f499f>	Servomechanisms--Design and construction
<http://id.loc.gov/authorities/subjects/sh85120366>	Servomechanisms
