<http://id.loc.gov/authorities/subjects/sh2008105547>	Heat--Transmission--Mathematical models
<http://id.loc.gov/authorities/subjects/sh85049393>	Fluidized-bed furnaces
<urn:rula:e178b4cf56adb60919b287d99f944045084d1f2a585173ccfd9f42e98a354599>	Steel wire--Measurement
<http://id.loc.gov/authorities/subjects/sh85127849>	Steel wire
<http://id.loc.gov/authorities/subjects/sh85059767>	Heat--Transmission
<urn:rula:a1c4fc5c5997ea8427e5ab782b6d6899f105714e9747dbdbcfe5d76f4c4c2a13>	Heat engineering--Mathematics
<http://id.loc.gov/authorities/subjects/sh85059775>	Heat engineering
