<urn:rula:0f92ee8d4338f7d6eafdcb57dba3a0a39f87e19f4ab0907d138227fe8bac0a6d>	Contaminated sediments--Management--Decision making
<http://id.loc.gov/authorities/subjects/sh95006597>	Contaminated sediments
<urn:rula:50f31699c538cb48588674bda138639c851c182522f826512021b5ecfe36e812>	Storm sewers--Environmental aspects--Ontario
<http://id.loc.gov/authorities/subjects/sh85128392>	Storm sewers
<urn:rula:ca8a1986332d68468a95d6a7bec56903165a4ead048cd9781c5583ae5e77bf80>	Sewage disposal--Environmental aspects--Ontario
<http://id.loc.gov/authorities/subjects/sh85120459>	Sewage disposal--Environmental aspects
<urn:rula:abd61b8828f5c242872c1d37f3046acb14d5d538ba3c44ec4e35a54be6739050>	Environmental impact analysis--Ontario
<http://id.loc.gov/authorities/subjects/sh85044178>	Environmental impact analysis
