<http://id.loc.gov/authorities/subjects/sh85017728>	Building failures
<http://id.loc.gov/authorities/subjects/sh00007941>	Search and rescue operations
<urn:rula:be014e96bddd9ff4e3674843da8831bc49d1761cffef2c48d470631bf8253581>	Rescue work--Automation
<http://id.loc.gov/authorities/subjects/sh85113019>	Rescue work
<urn:rula:7282fbe7a4b9fff94e9b2f8c5ebf575d2be1d9cf69604f0252ae10920c11a294>	Rescue work--Technological innnovations
<http://id.loc.gov/authorities/subjects/sh91000441>	Emergency management
<http://id.loc.gov/authorities/subjects/sh85061447>	Holes
<http://id.loc.gov/authorities/subjects/sh2013002352>	Robots in search and rescue operations
