<urn:rula:28be8d14f83850858ac62139878fff7126268a014bebfb88c66587809579b775>	Fiber-reinforced concrete--Testing
<http://id.loc.gov/authorities/subjects/sh85112450>	Fiber-reinforced concrete
<urn:rula:d6010955fe8f1273fd8c05bd1e591f454accb86cd9480b373dc3b11baa7f27f4>	Strains and stresses--Testing
<http://id.loc.gov/authorities/subjects/sh85128457>	Strains and stresses
<http://id.loc.gov/authorities/subjects/sh85128671>	Strength of materials
<urn:rula:6996d44eabddb52c6bf68458d0305e8650f3bc331809b99d07b6935cc4aeb3ac>	High strength concrete--Testing
<http://id.loc.gov/authorities/subjects/sh85060746>	High strength concrete
