<urn:rula:c410f105371320c22f6b58984df6ef0257a5fdea0fadad18bb3045f3b0d1af86>	Fiber-reinforced concrete--Mechanical properties
<http://id.loc.gov/authorities/subjects/sh85112450>	Fiber-reinforced concrete
<urn:rula:28be8d14f83850858ac62139878fff7126268a014bebfb88c66587809579b775>	Fiber-reinforced concrete--Testing
<http://id.loc.gov/authorities/subjects/sh85112451>	Reinforced concrete construction
<urn:rula:1ad443b1a6b5e4e76c1dd9c8edc1a6b478f2ef3368d7f7c35b934f5d10a2e971>	Shear (Mechanics)--Mathematical models
<http://id.loc.gov/authorities/subjects/sh85121188>	Shear (Mechanics)
<urn:rula:1d75f0ffe040180b1115d14f9550cd97516e940985a0b05454526ee453d06485>	Shear (Mechanics)--Testing
<http://id.loc.gov/authorities/subjects/sh2009121302>	Concrete beams--Testing
<http://id.loc.gov/authorities/subjects/sh85128457>	Strains and stresses
<http://id.loc.gov/authorities/subjects/sh86002036>	Composite-reinforced concrete
<urn:rula:6996d44eabddb52c6bf68458d0305e8650f3bc331809b99d07b6935cc4aeb3ac>	High strength concrete--Testing
<http://id.loc.gov/authorities/subjects/sh85060746>	High strength concrete
