<http://id.loc.gov/authorities/subjects/sh85087526>	Mothers
<http://id.loc.gov/authorities/subjects/sh85098009>	Parenting
<urn:rula:670b9e4415f1c122cc31dfde3c69115076b5e455593668594005923c1575e92d>	Oxytocin--Physiological effect
<http://id.loc.gov/authorities/subjects/sh85096354>	Oxytocin
<http://id.loc.gov/authorities/subjects/sh85053877>	Genetics
<urn:rula:f239da172f09087a8f7b261af21ffa5903d6c25f1c42423fae12e67debe9ba99>	Postpartum depression--Forecasting
<http://id.loc.gov/authorities/subjects/sh85105565>	Postpartum depression
<http://id.loc.gov/authorities/subjects/sh85090282>	Nature and nurture
