<urn:rula:cace961363f27c8d88d60885aca595cf7a9708ba454e11f2d1cc0ad415f48173>	Concrete--Recycling--Testing
<http://id.loc.gov/authorities/subjects/sh85030647>	Concrete
<urn:rula:0f390cace0f6dece7cd5070b00ff5b08d2080fbd994a30ae2ff3cfe70d8dca63>	Concrete--Recycling
<http://id.loc.gov/authorities/subjects/sh2009003365>	Sustainable construction
<urn:rula:5428452144987eeb60fef1e30056b9a844d3081463b10aba5a61bc4f28f4514a>	Aggregates (Building materials)--Recycling--Testing
<http://id.loc.gov/authorities/subjects/sh85002188>	Aggregates (Building materials)
<urn:rula:528416f903bc1a8acc4b1b9e8aeb92e60dde05339f2a1d82cfc52541ca4be585>	Aggregates (Building materials)--Recycling
