<urn:rula:7299f4bf5397450ff06ebc05bf723ec359dc4e1d95af67fba26ad225b5029477>	Photography--Study and teaching (Higher)-- Rhode Island
<http://id.loc.gov/authorities/subjects/sh00006943>	Photography
<urn:rula:3677c914311c7abc387b65001963b11c722e0b09b77586760a37d31010fedece>	Photographic Education Society (Rhode Island School of Design)--Photograph collections
<urn:rula:6c8d5c21a5eabf51b0d234b7323aaebe99c0a4aa8ec5a689673dc01f3ffd11cc>	Photography, Artistic--20th century--Exhibitions
<http://id.loc.gov/authorities/subjects/sh85101269>	Photography, Artistic
<urn:rula:d30eac0500d93fe24df2e9843ae9c0a7598b476388d8077f3921b17f5e96d33e>	Photography, Artistic--Rhode Island--Exhibitions
