<urn:rula:1cdb2ee99da0a1b7d186e5d9de41aa8f74e52fc038da9c93fc96ed2947409568>	Offenders with mental disabilities--Services for
<http://id.loc.gov/authorities/subjects/sh91002269>	Offenders with mental disabilities
<urn:rula:3f3da1fd0a74963a324c8e5d666fd79ad5a6ebcffbe74965b166942aba8a6d71>	Mentally ill offenders--Rehabilitation
<http://id.loc.gov/authorities/subjects/sh00003171>	Mentally ill offenders
<http://id.loc.gov/authorities/subjects/sh85108475>	Forensic psychology
<urn:rula:f2921e5f0b7ed28e4f0208589daebaf52ca0de08df0bcf207cabc11a8e38a8f6>	Mentally ill offenders--Services for
<urn:rula:1923ba2022d5215104279697d82d1f35469e671fb06c6e396f1428994cfe9977>	Offenders with mental disabilities--Rehabilation
