<urn:rula:3f8c1a2a86a1312474bbc14e8fc96813435634a9683b29b71d0dbe1f8bdc2c72>	Building--Integrated photovoltaic systems--Case studies
<http://id.loc.gov/authorities/subjects/sh85017693>	Building
<urn:rula:8beecc2c875fef86811fc0105eef6cc0d26f0069e69b6869fa277592eed616d4>	Dwellings--Heating and ventilation--Environmental aspects
<http://id.loc.gov/authorities/subjects/sh85040203>	Dwellings--Heating and ventilation
<http://id.loc.gov/authorities/subjects/sh85059801>	Heat pumps
<http://id.loc.gov/authorities/subjects/sh96004543>	Ground source heat pump systems
