<urn:rula:e43cd1c7279c9e164fd944f315252a105f4422669c586faa2bc9e8ef71126ebf>	Heat exchangers--Equipment and supplies
<http://id.loc.gov/authorities/subjects/sh85059785>	Heat exchangers
<http://id.loc.gov/authorities/subjects/sh85059804>	Heat recovery--Equipment and supplies
<urn:rula:8beecc2c875fef86811fc0105eef6cc0d26f0069e69b6869fa277592eed616d4>	Dwellings--Heating and ventilation--Environmental aspects
<http://id.loc.gov/authorities/subjects/sh85040203>	Dwellings--Heating and ventilation
<urn:rula:45508c2270d3622444b16ce298d059826bdb8c37c0cce2588835219e6883147a>	Ecological houses--Energy conservation
<http://id.loc.gov/authorities/subjects/sh2003001383>	Ecological houses
<urn:rula:7ba642a5d26d4d02200bba447ee2fcc099d1b2271975a70aab0a111ff6e79aba>	Ecological houses--Energy consumption
<urn:rula:664306a0e3532ae4a01fb55f7acfc608f423129318a046a6bfe499b7a4dcaeb7>	Ecological houses--Design and construction
