<urn:rula:96b3012f2ff12fdd96d5d95608e8676fc6f7b10bb354e1c0e716fd7f1d600013>	Dance in Canada
<http://id.loc.gov/authorities/subjects/sh85143206>	Video recordings--Production and direction
<http://id.loc.gov/authorities/subjects/sh85024743>	Choreography
<urn:rula:ee6cf16f41601344f013906ce619fec4e7059b0556229cf799a947efb50ff1d1>	Dance--Pictorial works
<http://id.loc.gov/authorities/subjects/sh85035659>	Dance
<urn:rula:ea574479090600575f5dc407c039602f43b6e134583b443e0779c6e350870ea8>	Dance photography--Technique
<http://id.loc.gov/authorities/subjects/sh88003320>	Dance photography
<http://id.loc.gov/authorities/subjects/sh85035651>	Dance--Production and direction
