<urn:rula:22d0cdbb9cf09ed407e8e595e5e48c9948ed5ab8c75b8fb304cabccfd4e5c371>	Land use--Ontario--Golden Horseshoe--Planning
<http://id.loc.gov/authorities/subjects/sh85074345>	Land use
<urn:rula:8bdaa7325ab2866c0059180f8deb8bc2a5fb56dcd2cccadd4f9167aed51d4e08>	Coast changes--Ontario--Golden Horseshoe
<http://id.loc.gov/authorities/subjects/sh85027423>	Coast changes
<urn:rula:e8f07123f6df2748fcf24151d4723a73a72ce555707c3453a4d3f1b46f86831f>	Shore protection--Ontario--Golden Horseshoe
<http://id.loc.gov/authorities/subjects/sh85121794>	Shore protection
<urn:rula:647066696e88c54a787f84080d1a42a3b8b88cf1f9e220b9c9d4b901017e329e>	Golden Horseshoe (Ont.)--Environmental conditions
<http://id.loc.gov/authorities/subjects/sh85055756>	Golden Horseshoe (Ont.)
