<urn:rula:a3c8a3b1a44c7de5bbeafe535d026e7ba677e84bc0ac3ba0299a7b640a6ad3fe>	Maternal health services--Ontario--Toronto
<http://id.loc.gov/authorities/subjects/sh85082102>	Maternal health services
<urn:rula:338b256f280aa2609eeaae858f1af4faf3acda5155806469bb1b22507e06f90c>	Women immigrants--Medical care--Ontario--Toronto
<http://id.loc.gov/authorities/subjects/sh85147549>	Women immigrants
<urn:rula:d63409c1bc7eeaf3c638544975e2f314b9fb2c956f2dbedea87cf54f7362f7c3>	Women refugees--Medical care--Ontario--Toronto
<http://id.loc.gov/authorities/subjects/sh85147697>	Women refugees
<urn:rula:2a904d05dba6e9c13bd8d0cd793a4f02c5cf44d0920c133cc80714e82a948789>	Health insurance--Ontario
<http://id.loc.gov/authorities/subjects/sh85066932>	Health insurance
