<http://id.loc.gov/authorities/subjects/sh85030668>	Concrete--Expansion and contraction
<http://id.loc.gov/authorities/subjects/sh85030655>	Concrete--Cracking
<http://id.loc.gov/authorities/subjects/sh85112446>	Reinforced concrete
<http://id.loc.gov/authorities/subjects/sh85112451>	Reinforced concrete construction
<urn:rula:b2a841f663bb3048c7f8fa374dc36aabc2eab04848c226345deeab22206b7f45>	Building failures--Prevention
<http://id.loc.gov/authorities/subjects/sh85017728>	Building failures
<http://id.loc.gov/authorities/subjects/sh85113309>	Retaining walls
