<urn:rula:13b4f8960b56bc8d308b84a4ced862ba3982f504ce21bd53f4b55a389615f2ac>	Virus diseases--Mathematical models
<http://id.loc.gov/authorities/subjects/sh2002006451>	Virus diseases
<http://id.loc.gov/authorities/subjects/sh85106671>	Primates--Diseases
<urn:rula:e8fe2f94edc2dbd7fa85692e85eef5d5c1cdf82fb57a53ab2de32447788c623e>	Simian immunodeficiency virus--Mathematical models
<http://id.loc.gov/authorities/subjects/sh2010008423>	Simian immunodeficiency virus
<urn:rula:9618b1cb87c0e28d64c065042bfff23a3637ec303ddb4a7041c7fb0c37b14a9f>	HIV (Viruses)--Research
<http://id.loc.gov/authorities/subjects/sh86004391>	HIV (Viruses)
<urn:rula:38fd2bfe67bcdd12c15795c9313fa3e3ba17ebb0f7ccd8832f3aa50ed6da59c3>	Virus diseases--Epidemiology
