<urn:rula:419bcc11b7a19bdfdf71fada9444660c0d89dc20005a100202a8928ee12071a5>	Epidemics--Canada--Prevention
<http://id.loc.gov/authorities/subjects/sh85044370>	Epidemics
<urn:rula:389d1f67ab78b9140225d6061c4d9514d9959ddabcb0ddd27f9fbd16e484a49d>	Avian influenza--Canada--Prevention
<http://id.loc.gov/authorities/subjects/sh85010531>	Avian influenza
<urn:rula:ab9aa4622f23c185f4416b568274feb165c101bc25e22b1079da5b7d02b28985>	Birds--Disease--Research
<http://id.loc.gov/authorities/subjects/sh85014310>	Birds
<urn:rula:6cb4c807595f558ae88b0671d79895c141fd86223be51fc54f2f264f9dcc873d>	Native peoples--Health and hygiene--Canada
<http://id.loc.gov/authorities/subjects/sh85090174>	Native peoples
<urn:rula:50fc60d363d17a0b83857c13bb04ceb60c4623931d7f7f37e61cd08901522704>	Subsistence hunting --Health aspects--Canada
