<urn:rula:cbd238a1a7547cd2b3803f0b0639c97d3e22570c33e19fcb8c55e3166de6006d>	Obesity--Research
<http://id.loc.gov/authorities/subjects/sh85093646>	Obesity
<urn:rula:902f6df92357d1903953df897168d945b6b66beaf0e693ce8a181648baaf4235>	Obesity in children--Family relationships
<http://id.loc.gov/authorities/subjects/sh85093649>	Obesity in children
<http://id.loc.gov/authorities/subjects/sh90001779>	Parental influences
<urn:rula:d16556eda5c8f60759bf2e92d3fd14156d9925aefe3e67517acc53f8c7466fd6>	Obesity in adolescence--Family realtionships
<http://id.loc.gov/authorities/subjects/sh90005200>	Obesity in adolescence
<http://id.loc.gov/authorities/subjects/sh2005007672>	Body mass index
