<http://id.loc.gov/authorities/subjects/sh85029047>	Communication devices for people with disabilities
<urn:rula:872a9705ff1094582eeab8c81c97de61193625211fa6e7d668982bf1c9cb5414>	Infrared technology--Research
<http://id.loc.gov/authorities/subjects/sh85066330>	Infrared technology
<urn:rula:ae8c3bf25ae4eca6865a340a452e3dbe8df4874907a0b8f93acb62c1d425be14>	Electronic controllers--Design and construction
<http://id.loc.gov/authorities/subjects/sh93001395>	Electronic controllers
<http://id.loc.gov/authorities/subjects/sh85042256>	Electronic apparatus and appliances--Design and construction
