<urn:rula:366595f023df8fb718ad1fc3574e2c93fd504a5139f7e20e0d8bf79ca91eac7d>	Online identities--Social aspects
<http://id.loc.gov/authorities/subjects/sh2006002330>	Online identities
<urn:rula:bbff1c35299678f8df2e28d4a7c670e994c31b84900a6b2923a346800385957c>	Online identities--Moral and ethical aspects
<http://id.loc.gov/authorities/subjects/sh2010117958>	Virtual reality--Social aspects
<http://id.loc.gov/authorities/subjects/sh2009127185>	Internet--Social aspects
<http://id.loc.gov/authorities/subjects/sh2008124051>	Internet--Moral and ethical aspects
