<urn:rula:f4c2bd84421a47e16d1e3b22d8528ad721e58c20518a71ba2abea275a1701e28>	Radio broadcasting--Canada--Biography
<http://id.loc.gov/authorities/subjects/sh2010109323>	Radio broadcasting--Canada
<urn:rula:64b6be4ef1ba487bee223981d756250d90885dd9f0b743c354b2ece0f61bf8d0>	Canadian Radio Broadcasting Commission--Biography
<urn:rula:81cac6241633a68193c4f82f3f8de2399d81dfb46bbb3bc1012878897f1d382a>	Canadian Radio Broadcasting Commission
<urn:rula:a0c38118bc038d23397adb0a1619c9d52a9095c50579d9e1fea5de1f1bc2b7a3>	Plaunt, Alan, 1904-1941
<urn:rula:52ead90418a50d8f741a8926bbae3cd576b9f77e0a94dd98c0d2bb82bb49534c>	Radio broadcasting policy--Canada--History
<http://id.loc.gov/authorities/subjects/sh85110461>	Radio broadcasting policy
