<urn:rula:cf3e74ad3337f0e9648b595a597a8b64a277a7b6882259b631ad3478bddd34b6>	Inclusive education--Case studies
<http://id.loc.gov/authorities/subjects/sh96009825>	Inclusive education
<http://id.loc.gov/authorities/subjects/sh85123964>	Social integration
<urn:rula:54b2fbe70e2e23fd93e0f7ce2f2cd23a88e54ea120a8892eb1a0fc5186449e75>	Developmental disabilities--Children
<http://id.loc.gov/authorities/subjects/sh85037355>	Developmental disabilities
<http://id.loc.gov/authorities/subjects/sh85037367>	Developmentally disabled children
<urn:rula:fa30bf6478ce6e4a09456a999e5c1871666ddd8de4ed594bd3c5742af3805e2d>	HELPS Inc.
