<urn:rula:9fd81aa2b004a5a46b85837f18e4710f8d9686a97a9659e70e75416a7a8505c7>	Diabetes--Ontario--Prevention
<http://id.loc.gov/authorities/subjects/sh85037456>	Diabetes
<urn:rula:c5ef7150349a498c139513dc6035eef34af5e895f158a7e44738946155a01562>	Diabetes--Treatment--Ontario
<http://id.loc.gov/authorities/subjects/sh2008117516>	Diabetes--Treatment
<urn:rula:dd2fe277c963c12208fd506ee1c3fc4619107e343e49040f9ee7ae072a6100d6>	Diabetes--Ontario--Toronto
<urn:rula:613297cf9e9f4b22d6eca423bffc365fdbeca0aa279b70fa96779857953458ac>	Diabetes--Treatment--Cost effectiveness
