<urn:rula:837575b1a32c5ddd632b0546e3b53b2a112253854d546fb47bccdf04a38b20ba>	Vietnamese--Cultural assimilation--Canada
<http://id.loc.gov/authorities/subjects/sh85143272>	Vietnamese
<http://id.loc.gov/authorities/subjects/sh2008110585>	Refugees--Indochina
<http://id.loc.gov/authorities/subjects/sh2007100373>	Canada--Emigration and immigration
<urn:rula:c744deba7cdf12cb5b98f52731a72d5645d467abfe89416419aca94d98992d53>	Indochinese --Cultural assimilation--Canada
<urn:rula:5326f2bb98dac7391f568d8438669b4e7c6641663381d2f49f60f0570f5fc59a>	Refugees--Cultural assimilation--Canada
<http://id.loc.gov/authorities/subjects/sh00007585>	Refugees
<urn:rula:ccc1bc96202c0af8e23b0e8f2b3f0583b66c1d07c5520661c8d0a5f93c637db1>	Cambodians--Cultural assimilation --Canada
<http://id.loc.gov/authorities/subjects/sh91000355>	Cambodians
