<urn:rula:8784d0b20faa10b87cf838b770e4b92db007c4e759de4a7ff275770a984155e7>	Gay immigrants--Canada
<http://id.loc.gov/authorities/subjects/sh2008003127>	Gay immigrants
<http://id.loc.gov/authorities/subjects/sh2010110407>	Refugees--Government policy--Canada
<urn:rula:74400df048180d9c14286bfd1cce740635513f40d95712b0f11865d52af5abb3>	Sexual orientation--Political aspects
<http://id.loc.gov/authorities/subjects/sh91005179>	Sexual orientation
<urn:rula:b2d79999aad58c67f2e0f85fe44671c7f2da01db88e0df731b1afa8f3c3cae59>	Gender identity--Political aspects
<http://id.loc.gov/authorities/subjects/sh91003756>	Gender identity
<http://id.loc.gov/authorities/subjects/sh2008114564>	Canada--Emigration and immigration--Government policy
<urn:rula:08f55ece76b4d16fbfba72a837960b21cc26f71e21ef16d7814958d517ac1c17>	Gay rights--Canada
<http://id.loc.gov/authorities/subjects/sh94009215>	Gay rights
<urn:rula:b467ae27e82bda579855b8170d3a84f9bf8dc326e2a761b23fdb04c6ee77ea32>	Gays--Legal status, laws, etc.--Canada
<http://id.loc.gov/authorities/subjects/sh85061795>	Gays
