<http://id.loc.gov/authorities/subjects/sh85112394>	Regression analysis--Data processing
<urn:rula:e83e80909fc5b490e622908ab33f3288697519de958ee9739048763a827919a7>	Ischemia--Diagnosis
<http://id.loc.gov/authorities/subjects/sh85068338>	Ischemia
<http://id.loc.gov/authorities/subjects/sh85032871>	Coronary heart disease--Diagnosis
<http://id.loc.gov/authorities/subjects/sh85051147>	Fractals
<urn:rula:64ec2537bf75befc49d58adffaae158f236c3648fb3cc023a30e7413ed1476c6>	Electrocardiography--Data processing
<http://id.loc.gov/authorities/subjects/sh85042098>	Electrocardiography
