<http://id.loc.gov/authorities/subjects/sh85133290>	Telecommunication--Canada
<urn:rula:7e861dda694404d8605f0d2500da35e55b9431647b1d5f99999e1a2ae3648678>	Digital divide--Canada
<http://id.loc.gov/authorities/subjects/sh00006536>	Digital divide
<urn:rula:d212facb0286baf8075b649ec18210a18d1ff52b0278f9d20fc234962a749105>	Broadband communication systems--Canada
<http://id.loc.gov/authorities/subjects/sh88002943>	Broadband communication systems
<urn:rula:ea29fb2351e4da42e4fbabc6dbc42707a3be2f6ebee1e6337ff74f72c6d395e0>	Wireless communication systems--Canada
<http://id.loc.gov/authorities/subjects/sh92006740>	Wireless communication systems
