<urn:rula:bcd18ead5fa830127187d499e97e7a4dc8f641ec34d8c7e9f9f24deae2e39fdc>	Twitter
<urn:rula:e9ec6ac510799379f73470f81412e2a92fc05b9df213e988b31c94425b329dc7>	Arab-Israeli conflict --- Mass media and the conflict
<urn:rula:917bbd7696f1ec1edd4f3bf7ad479c37d66997b230f84416fc67a025f34d6b08>	Communication in politics--Technological innovations--Israel
<http://id.loc.gov/authorities/subjects/sh85029088>	Communication in politics
<urn:rula:e5596817a9119396a23790df682b702dee317b6290fa96b244828b6319a624c7>	Command of troops--Technological innovations--Israel
<http://id.loc.gov/authorities/subjects/sh85028876>	Command of troops
<urn:rula:8f278ca3e09e582ad596091d7d32795b559ae47daf5e44f05b37bcda883883fd>	Political leadership--Technological innovations--Israel
<http://id.loc.gov/authorities/subjects/sh85104367>	Political leadership
<urn:rula:bbaa42f3368b672c57357b6a4618cf5c87ab3c4c1875daa850232e17330c7a45>	Public relations and politics--Israel
<http://id.loc.gov/authorities/subjects/sh85108797>	Public relations and politics
