<http://id.loc.gov/authorities/subjects/sh2010008912>	Breast--Cancer--Information services
<http://id.loc.gov/authorities/subjects/sh85029080>	Communication in medicine
<http://id.loc.gov/authorities/subjects/sh2009117569>	Breast--Cancer--Treatment
<http://id.loc.gov/authorities/subjects/sh85107029>	Privacy, Right of
<urn:rula:50e937daa1d79a14b55d529f3b20039d3b95152ead8875ac0437f1a842a586ad>	Digital communications--Economic aspects
<http://id.loc.gov/authorities/subjects/sh85037972>	Digital communications
