<urn:rula:18bf9367908ccddf0e4b15d623812b45aac02d2740f52e25b7260da624bca8f5>	Autistic children--Treatment
<http://id.loc.gov/authorities/subjects/sh85010041>	Autistic children
<http://id.loc.gov/authorities/subjects/sh86002534>	Computers and people with disabilities
<http://id.loc.gov/authorities/subjects/sh2011002448>	Human-robot interaction
<http://id.loc.gov/authorities/subjects/sh2002012108>	Assistive computer technology
<urn:rula:1e0ec34968587fb368d048470f3143c04afe47fa6191344610af06895c145e3f>	Anxiety in old age--Treatment
<http://id.loc.gov/authorities/subjects/sh90002608>	Anxiety in old age
