<urn:rula:6091fb4183667592564d56f2c7ef519a01ca6075bc9290e67d918f394d0784eb>	Branding (Marketing)--Social aspects
<http://id.loc.gov/authorities/subjects/sh2007006470>	Branding (Marketing)
<urn:rula:31046ad903111a35582c056ee4f8a64cdfb570e30f67fec87c8d6e1fc505eb8a>	Frito-Lay, Inc
<http://id.loc.gov/authorities/subjects/sh90005735>	Social responsibility of business
<urn:rula:0c6436a577a0dfb9e42734ccdf7a794c58c75b41e4bd11421c4c5633a0ae47a3>	Social media--Marketing
<http://id.loc.gov/authorities/subjects/sh2006007023>	Social media
<urn:rula:4c57677dfba63879895b1e1ef957f4198813aa831886a97f49ef36792c250501>	Advertising campaigns--Social aspects
<http://id.loc.gov/authorities/subjects/sh85001196>	Advertising campaigns
