<urn:rula:242182aa97ecebed90227da4bc83e81036869478820c86fd2d78efcb47eb99d2>	Clothing and dress--Internet marketing
<http://id.loc.gov/authorities/subjects/sh85027160>	Clothing and dress
<urn:rula:34dbb93a769e3249181bb465fa54882b2b92f4d96fd08a48320d70612bc73c4a>	Instagram (Firm)
<http://id.loc.gov/authorities/subjects/sh2007006470>	Branding (Marketing)
<http://id.loc.gov/authorities/subjects/sh2005004207>	Generation Y
<http://id.loc.gov/authorities/subjects/sh2006007023>	Social media
<urn:rula:55d0704e64d45274b3e293bd1bfbb9a361d325792377b2984c604982d975b1bf>	Amerian Eagle Outfitters
<urn:rula:14107d888b1293469041691bcc32789ed7c8d316571f1df62f1861b34cf7e97f>	Abercrombie & Fitch
