<http://id.loc.gov/authorities/subjects/sh00007543>	Rhetoric
<urn:rula:007857eee0db080e818b1851a7230462765c13e56190de696cd6075fdc534b90>	Toronto Maple Leafs (Hockey team)
<urn:rula:08b60837b2372e4e51b4525b2b4efb9b34db9e09a3277261b20f1ba4777dafab>	Hockey fans--Ontario--Toronto
<http://id.loc.gov/authorities/subjects/sh2006007663>	Hockey fans
<urn:rula:815cdae4a55480e8e6acf6e1733754351cb5d6af920ab7efdd81fc4ede853a61>	Sports--Marketing--Ontario--Toronto
<http://id.loc.gov/authorities/subjects/sh2010114553>	Sports--Marketing
<http://id.loc.gov/authorities/subjects/sh2007000706>	Communication in sports
