<urn:rula:ba75cdcffc675720c90c7924fe58ab93af7fb807e7ea3bd3b19c4d4cf6cbbc82>	Drugs--Pricing--Moral and ethical aspects
<http://id.loc.gov/authorities/subjects/sh85039719>	Drugs
<urn:rula:a6c878a6a9b6d705e930ed4a098b3fa2d774038c5abacc66f52ed92ccdc7e8c2>	GlaxoSmithKline
<urn:rula:276ea837ddd10feaf4bbe95d03ca7e140dc88faaf7db28b33393abead9902e02>	Sanofi Pharmaceuticals, Inc
<http://id.loc.gov/authorities/subjects/sh90005735>	Social responsibility of business
<urn:rula:a1a707d32414243362735367c53bbadd061f0615eddfc7c671e5f38c0b27f899>	Pharmaceutical industry--Moral and ethical aspects
<http://id.loc.gov/authorities/subjects/sh85039713>	Pharmaceutical industry
