<urn:rula:146a4e3a72c96abdbce0278e5ede34e86d4b6cca905ac784a56fc2bd261e0ad7>	Communication in management--Computer network resources
<http://id.loc.gov/authorities/subjects/sh85029076>	Communication in management
<http://id.loc.gov/authorities/subjects/sh85095525>	Organizational change
<http://id.loc.gov/authorities/subjects/sh2008108710>	Organizational change--Management
<urn:rula:c14a0fa05005c845d2fe062087753876b944c98fcc95f36e74a3a4382f70eede>	Business literature--Computer network resources
<http://id.loc.gov/authorities/subjects/sh85018304>	Business literature
