<urn:rula:7de672381d33fd70e03c37e644f0fc52caf74118bcb8ee9eb13f7c168b140afa>	Discourse analysis--Political aspects
<http://id.loc.gov/authorities/subjects/sh85038362>	Discourse analysis
<urn:rula:f61667e2fb1de5356d4c016cc50b66a8bc1633819b3f0c8c8e87dc1811bc24f0>	Online social networks--Political aspects--Canada
<http://id.loc.gov/authorities/subjects/sh2006006990>	Online social networks
<urn:rula:d03accf1651a65eedfcc082d0f7390102cb22ed3d29d3055c084f7a0f1ea19ea>	College students--Political activity--Canada
<http://id.loc.gov/authorities/subjects/sh85028363>	College students--Political activity
<http://id.loc.gov/authorities/subjects/sh89007279>	Communication--Political aspects
<http://id.loc.gov/authorities/subjects/sh85113632>	Rhetoric--Political aspects
