<http://id.loc.gov/authorities/subjects/sh85044807>	Escort services
<urn:rula:8b79a89f46b4875d88df489ab875bd833216c9bde271b96784b3e24dd911ba8f>	Sex-oriented businesses--Canada--Employees
<http://id.loc.gov/authorities/subjects/sh85120657>	Sex-oriented businesses
<urn:rula:432026fc8c43e65c02dc8234e5235c76c66f524bdf9351be052ebadd80f3e5ba>	Prostitution--Social aspects
<http://id.loc.gov/authorities/subjects/sh85107626>	Prostitution
<http://id.loc.gov/authorities/subjects/sh2008122996>	Identity (Psychology)--Social aspects
