<http://id.loc.gov/authorities/subjects/sh85122412>	Signs and signboards
<http://id.loc.gov/authorities/subjects/sh2007006470>	Branding (Marketing)
<urn:rula:514d4359a75889225806af755cddade7ea19a40ffdfa8f2557b0d5805a031c3e>	Subways--Ontario--Toronto
<http://id.loc.gov/authorities/subjects/sh85129574>	Subways
<urn:rula:92cc9644e62db55b1ea357d915003cbfadaae283616adc7a835814ff34dced8c>	Communication--Graphic methods
<http://id.loc.gov/authorities/subjects/sh85029027>	Communication
<http://id.loc.gov/authorities/subjects/sh2002008975>	Communication in local transit
<urn:rula:69a205d0f4bec5ae9ff6670dc6ce4a5a11edf8f7f9c4a97e41060a766b521e35>	Toronto Transit Commission --Maps
<http://id.loc.gov/authorities/subjects/sh2002000243>	Information visualization
