<http://id.loc.gov/authorities/subjects/sh85083595>	Men's clothing
<http://id.loc.gov/authorities/subjects/sh85083596>	Men's clothing industry
<http://id.loc.gov/authorities/subjects/sh98000820>	Men--Identity
<http://id.loc.gov/authorities/subjects/sh88001943>	Men in mass media
<urn:rula:2276743685c66de66bf29989b23634298edfd69b7966568cb7d6e30850ad499e>	Masculinity--Social aspects
<http://id.loc.gov/authorities/subjects/sh85081797>	Masculinity
<http://id.loc.gov/authorities/subjects/sh2003012057>	Fashion design
