<urn:rula:77dbc7d64e05b3487d0f3b62a0a7c9d83a462bc18d86ee1ea648943898d95e85>	Fashion--Latin America
<http://id.loc.gov/authorities/subjects/sh85047377>	Fashion
<http://id.loc.gov/authorities/subjects/sh2008116020>	Latin America--Social life and customs
<http://id.loc.gov/authorities/subjects/sh2003012049>	Clothing and dress--Latin America
<urn:rula:5e88ca958db04449540ac7e2ddb2c9986147456dff96c859a2b75472a706579b>	Clothing trade--Ontario--Toronto
<http://id.loc.gov/authorities/subjects/sh85027174>	Clothing trade
