<http://id.loc.gov/authorities/subjects/sh2005006206>	Masculinity in music
<http://id.loc.gov/authorities/subjects/sh2008004503>	Musicians as dandies
<http://id.loc.gov/authorities/subjects/sh2008004174>	Dandyism in music
<http://id.loc.gov/authorities/subjects/sh2004002267>	Sex role in music
<urn:rula:6a923634c1ff102e454e48b5032eb85e8a2c0665ece6f3560891dd90a4ba485f>	Men's clothing--Great Britain--History
<http://id.loc.gov/authorities/subjects/sh85083595>	Men's clothing
<http://id.loc.gov/authorities/subjects/sh2008103594>	Fashion--History--20th century
