<urn:rula:46a52136d9a28953873307f8dc1253ace3deb5332b9671bfa0d1fec69ad4c504>	Jewelry--United States--History--20th century
<http://id.loc.gov/authorities/subjects/sh00005946>	Jewelry
<urn:rula:1fa7c4eefd849be911d5d8eb2a2fdef050cd9b5feeaed0fa87b73d87934af776>	Schreiner Jewelry Company
<urn:rula:a6d95cd859a6160fa3c42e5017609780bc210029325f34e51f510c9c7d580edb>	Costume jewelry--History
<http://id.loc.gov/authorities/subjects/sh85033276>	Costume jewelry
<urn:rula:3dfbd1d6d6a400b968736ed16444a247497c025ada62fd12a5b75cee3a72ecce>	Dress accessories--United States
<http://id.loc.gov/authorities/subjects/sh85039509>	Dress accessories
<urn:rula:56291b49dc3ad01f9c472eac9f79244f8bb0e21658ee18a9a739342298fd7b22>	Jewelry--Design
