<http://id.loc.gov/authorities/subjects/sh2007010788>	Digital storytelling
<http://id.loc.gov/authorities/subjects/sh94006574>	Word-of-mouth advertising
<http://id.loc.gov/authorities/subjects/sh2007006470>	Branding (Marketing)
<http://id.loc.gov/authorities/subjects/sh85079051>	Luxuries
<http://id.loc.gov/authorities/subjects/sh2005004726>	Internet marketing
<http://id.loc.gov/authorities/subjects/sh85016403>	Brand name products
<http://id.loc.gov/authorities/subjects/sh85047384>	Fashion merchandising
<urn:rula:9e0b8e4ed6ff2a5d78a4c7e8eed6d4230ac084edc4be815e514ae52d38264264>	Christian Dior, Inc
