<urn:rula:d42dc15734bb90b83830a8d103c4c0f2af174bcee937b748b77b368444067201>	Beaches--Ontario--Management
<http://id.loc.gov/authorities/subjects/sh85012606>	Beaches
<urn:rula:14b68c5888afa9493ed0b08ab3e75084d60d6edbf27be62a5a43509e5672c8c7>	Beaches--Environmental aspects--Ontario
<urn:rula:b4f6fb88e47fa6bfa7d4c479759ed407660ec60a5492939d559b666dc1c9d1d9>	Beaches--Ontario--Toronto
<urn:rula:008c9ed48ce6a63f5ceeb9465b6e57500f81c1a1c56cb392f6cc2122876d2e67>	Beaches--Ontario
<urn:rula:2ac532d60e29d5929efc1c032e806772137b417f68ae7bf7af157f13665c4cad>	Bathing beaches--Standards--Ontario
<http://id.loc.gov/authorities/subjects/sh85012326>	Bathing beaches
<urn:rula:70b873626ee86322569a64c9f76160f8dd41aedb2690c21efab9045296f50fb6>	Environmental protection--Ontario
<http://id.loc.gov/authorities/subjects/sh85044203>	Environmental protection
<urn:rula:232b72003bbf283f63a099b1e80637d36168c0726426785b850a30b75599103d>	Water quality--Ontario, Lake (N.Y. and Ont.)
<http://id.loc.gov/authorities/subjects/sh85145600>	Water quality
