<http://id.loc.gov/authorities/subjects/sh2008123106>	Income distribution--Canada
<urn:rula:bb5f9a71f689a765051d7af9d7a75e70a702966038369728a26fd87809de768a>	Human capital--Canada
<http://id.loc.gov/authorities/subjects/sh85062845>	Human capital
<http://id.loc.gov/authorities/subjects/sh2009123493>	Discrimination in employment--Canada
<urn:rula:0621bb2eab0b1a66bee7c803bf7af76a72ed83f41291f2795f27bfcf3bbddce4>	Immigrants--Employment--Canada
<http://id.loc.gov/authorities/subjects/sh85064517>	Immigrants
<http://id.loc.gov/authorities/subjects/sh2009128300>	Labor market--Canada
<http://id.loc.gov/authorities/subjects/sh2008114564>	Canada--Emigration and immigration--Government policy
<http://id.loc.gov/authorities/subjects/sh2008106506>	Labor supply--Canada
