<urn:rula:4e11c06d7e8a32404ec01a060b70f0701c79e7d4f8052f427d991beb8fb94987>	Ontario Royal Museum. Far Eastern Department.--Photograph collections
<urn:rula:eb794cbacd8a1f365bbaf51651d0aefc7fefd366286e766aedea48db44b89fec>	Brown, Cyril J.--Photograph collections
<http://id.loc.gov/authorities/subjects/sh85047035>	Family archives
<http://id.loc.gov/authorities/subjects/sh85101196>	Photograph albums
<http://id.loc.gov/authorities/subjects/sh85101343>	Photography of families
<urn:rula:f33ce2610a6d39d98c775f12649e7a0d9adb6c14dc0b89cc523514c0beba4e18>	University of Minnesota. Libraries. Kautz Family YMCA Archives--Photo collections
