<urn:rula:188f442386e89ce303670a80cf1e5b4a59a868326d26c813a64805b89981911d>	Engineering--Equipment and supplies--Management
<http://id.loc.gov/authorities/subjects/sh85043199>	Engineering--Equipment and supplies
<urn:rula:e7dd3710270002d047f98503cd4d9d3f7190f88f0ce01231704f6d97a9e2b026>	Mineral industries--Management
<http://id.loc.gov/authorities/subjects/sh85085548>	Mineral industries
<http://id.loc.gov/authorities/subjects/sh85065872>	Industrial equipment--Maintenance and repair
<http://id.loc.gov/authorities/subjects/sh85112511>	Reliability (Engineering)
<http://id.loc.gov/authorities/subjects/sh85112920>	Replacement of industrial equipment
