<http://id.loc.gov/authorities/subjects/sh85070997>	Jump processes
<urn:rula:74d18a5d0971b1a4f08a91d41580b5c41408ad125a0422b16c0ae1c15722bc57>	Electric utilities--Rates--Mathematical models
<http://id.loc.gov/authorities/subjects/sh85042028>	Electric utilities--Rates
<urn:rula:469dcafd6a05cbe906bbd6108b81c48344f3d6bf9bc78ac71f311ba279821f92>	Electric utilities--Rates--Ontario
<http://id.loc.gov/authorities/subjects/sh85087032>	Monte Carlo method
<http://id.loc.gov/authorities/subjects/sh95010454>	Lévy processes
<http://id.loc.gov/authorities/subjects/sh2010108199>	Pricing--Mathematical models
