<http://id.loc.gov/authorities/subjects/sh85006629>	Architecture--Human factors
<http://id.loc.gov/authorities/subjects/sh85006633>	Architecture--Psychological aspects
<http://id.loc.gov/authorities/subjects/sh2002012566>	Architecture, Modern--21st century
<urn:rula:4c4ee6cebb8028fd1005feddf6d34c7f21c392b8331dcd1f2d9446fe05a0e84e>	Architectural design--Philosophy
<http://id.loc.gov/authorities/subjects/sh85006585>	Architectural design
<http://id.loc.gov/authorities/subjects/sh2003008661>	Place (Philosophy) in architecture
