<urn:rula:3f1df1bb3f6ce430994e5da161b4000f790b866c5b91e0e9132b254a7d546b68>	High strength concrete--Mechanical properties
<http://id.loc.gov/authorities/subjects/sh85060746>	High strength concrete
<urn:rula:6996d44eabddb52c6bf68458d0305e8650f3bc331809b99d07b6935cc4aeb3ac>	High strength concrete--Testing
<urn:rula:c410f105371320c22f6b58984df6ef0257a5fdea0fadad18bb3045f3b0d1af86>	Fiber-reinforced concrete--Mechanical properties
<http://id.loc.gov/authorities/subjects/sh85112450>	Fiber-reinforced concrete
<urn:rula:28be8d14f83850858ac62139878fff7126268a014bebfb88c66587809579b775>	Fiber-reinforced concrete--Testing
<http://id.loc.gov/authorities/subjects/sh85128457>	Strains and stresses
<http://id.loc.gov/authorities/subjects/sh2005004556>	Loads (Mechanics)
<http://id.loc.gov/authorities/subjects/sh85103293>	Plates (Engineering)
