<urn:rula:d99e5402afaadce09e873436dd4f3f288163d7073a0d40ba89628a486944e605>	Engineering--Canada
<http://id.loc.gov/authorities/subjects/sh85043176>	Engineering
<urn:rula:b08ba691e5501fa65b6246f8e3744a8f63dac2a6b38889d03f5f2e2be0ce7d55>	Engineering--Study and teaching--Canada
<http://id.loc.gov/authorities/subjects/sh85043195>	Engineering--Study and teaching
<urn:rula:7226b07dd7e1403e84312755ebd9ccedf86888a5aafbb5f16478586a401f709f>	Engineers--Canada
<http://id.loc.gov/authorities/subjects/sh85043249>	Engineers
<urn:rula:56b1ec98a617c1b0a28255e341933deb1c0ff31136a196e08777b2afbe8f15cc>	Universities and colleges--Social aspects--Canada
<http://id.loc.gov/authorities/subjects/sh85141086>	Universities and colleges
