<urn:rula:643b359d15a51a6ab03be2c16312e33fe6455800ed31b93e10610a52967bbb5f>	Labor market--Canada--Forecasting
<http://id.loc.gov/authorities/subjects/sh2009128300>	Labor market--Canada
<urn:rula:6496c8c34dba87aaf5f35773ff370513def69f4986ca3c8954165244f5352613>	Youth--Employment--Canada
<http://id.loc.gov/authorities/subjects/sh85149324>	Youth--Employment
<urn:rula:0ce23e61b0d1cfb3fdac9d12a9920b3308738ae2e3b0d07c04de541011d8c2ed>	Employment forecasting--Canada
<http://id.loc.gov/authorities/subjects/sh85042919>	Employment forecasting
<urn:rula:5d73a57889caa7346caa8cf48ebe2ec0d0d77cdb2c78fc50f445125b413f73d9>	Labor market--Effect of technological innovations on--Canada
<http://id.loc.gov/authorities/subjects/sh89000875>	Labor market
