<http://id.loc.gov/authorities/subjects/sh2006007023>	Social media
<http://id.loc.gov/authorities/subjects/sh2006006990>	Online social networks
<http://id.loc.gov/authorities/subjects/sh95000814>	Employee screening
<http://id.loc.gov/authorities/subjects/sh85111997>	Employees--Recruiting
<http://id.loc.gov/authorities/subjects/sh85042875>	Employee selection
<http://id.loc.gov/authorities/subjects/sh85006165>	Applications for positions
<urn:rula:7e7b854cc4d36d027752c5e731e4be036a96f7222fe6ecd147a02f2e3b8e5ac3>	Personnel management--Computer network resources
<http://id.loc.gov/authorities/subjects/sh00006939>	Personnel management
<http://id.loc.gov/authorities/subjects/sh85107029>	Privacy, Right of
