<urn:rula:e9467a1cdf9110d75be7ffdcabac7673f4c09c6ebb7c3cffc604b61d3d2a11ea>	Cities and towns--Ontario, Southern--Growth
<http://id.loc.gov/authorities/subjects/sh85026130>	Cities and towns
<urn:rula:53388f0ffc5fc0bee5b14acd62a3f5e2458926a5fc9944d93a86fd7f43edb122>	City planning--Ontario, Southern
<http://id.loc.gov/authorities/subjects/sh85026282>	City planning
<urn:rula:fa6902eb62928595bcee6ec3cd9b2db6089d0bd59c4a09325f5c83c01a9f59ae>	Urban renewal--Ontario
<http://id.loc.gov/authorities/subjects/sh85141324>	Urban renewal
<urn:rula:d14e8824ae493420294518e1fd71a165faaf5bb8c2a5f3672f0e7c4f97de95b7>	Sustainable urban development--Canada--Ontario
<http://id.loc.gov/authorities/subjects/sh2007008481>	Sustainable urban development
<http://id.loc.gov/authorities/subjects/sh96009411>	Brownfields
