<urn:rula:c96304d4d1037ad602b6c3399373ca5ffc366fb8e6afed122f4365c51082353e>	Black Canadians--Mental health--Ontario--Scarborough
<urn:rula:81ea5548aac34844e3cdd0e60b0e598e60d7d811f6676e0c0444152a68345028>	Black Canadians--Ontario--Scarborough--Social conditions
<urn:rula:c8ffa199108e7e29d230d4adaf3ff10b8bbe589a39d4d19463c7264e4217e35e>	Youth, Black--Mental health--Ontario--Scarborough
<http://id.loc.gov/authorities/subjects/sh85149350>	Youth, Black
<urn:rula:27ba9da8884835ceba028407a53e40f755a8eac3612f2c2aefe6b5fd2ac7a45a>	Black Canadians--Ontario--Scarborough
<urn:rula:d097dd0b30149a4c502eadfa3eba6bae445f1d45828f47215aa65165f4d261ca>	Youth, Black--Ontario--Scarborough--Social conditions
<urn:rula:841f482fe1b02c68207fd6507c4c5106f6b0e1706466112955bc12090de018c8>	Youth, Black--Ontario--Scarborough
<urn:rula:22f2dd10b4f674359459ca83cd49da3c6146a08d4d92ff67a523a797338d49b5>	Race discrimination--Canada
<http://id.loc.gov/authorities/subjects/sh85110237>	Race discrimination
