<urn:rula:1b7992fc3a15bf4921497cf9f49c2fd9cd1f0c0589c72b1dde6d3fcaa0d5e8f5>	AIDS activists--Canada
<http://id.loc.gov/authorities/subjects/sh93005197>	AIDS activists
<urn:rula:dc0600527af6fd2ea87589e5268752bf85c43280c053b6fbe673b109f7161ace>	Canadian Positive People Network (CPPN)
<urn:rula:ce5f49bf6ec5d1e5a98afc0500b68c683a21c207c411bdcaec97e798213db548>	HIV-positive persons--Canada--Social conditions
<http://id.loc.gov/authorities/subjects/sh95001199>	HIV-positive persons
<urn:rula:c491c1b144c2d266d015aa2737af1c05c59514bd8552d81190e7d9c51c20bd97>	AIDS (Disease)--Social aspects--Canada
<http://id.loc.gov/authorities/subjects/sh85002541>	AIDS (Disease)
