<urn:rula:12c065849d9afa1ebe728245b1ce5c93322fdfc6b71ca17cc20496cd3bfb1363>	College students--Mental health--Ontario--Toronto--Case studies
<http://id.loc.gov/authorities/subjects/sh2009120677>	College students--Mental health
<urn:rula:e98b26a0720125b3bb16fe5c97100006fe5094c7c0e80019befea837eff509b9>	Discrimination in higher education--Ontario--Toronto
<http://id.loc.gov/authorities/subjects/sh91003913>	Discrimination in higher education
<urn:rula:5797d6374baf77302c480b46b26b3ab85e6eeaa787276740dd4c755f04bfc402>	Afghan Canadians--Mental health--Ontario--Toronto
<urn:rula:6d01dc793c4d7e53a5c8c9c93e025cbbe97e2d450983e5b7a4826f04ef08e0cd>	Afghan Canadians--Mental health--Ontario--Toronto--Case studies
<urn:rula:5265687582349d69db477cfa55034d535a1da45b7d5360e15ade64afe9bc0062>	College students--Mental health--Ontario--Toronto
