<urn:rula:6d0c00c6c295486e07cc19b1f93609b8700730b1584484d08486cc0f8251bb06>	Social marketing--Case studies
<http://id.loc.gov/authorities/subjects/sh89002650>	Social marketing
<http://id.loc.gov/authorities/subjects/sh85128107>	Stigma (Social psychology)
<http://id.loc.gov/authorities/subjects/sh2008107693>	Mental illness--Social aspects
<http://id.loc.gov/authorities/subjects/sh2006007023>	Social media
<urn:rula:295d35d4b48348daf9aea87203d4c052c336bc2f198b834329c18083fa735b77>	Online social networks--Social aspects
<http://id.loc.gov/authorities/subjects/sh2006006990>	Online social networks
<urn:rula:bcd18ead5fa830127187d499e97e7a4dc8f641ec34d8c7e9f9f24deae2e39fdc>	Twitter
<urn:rula:f665dabf5ddd18d96dcc98c9395335a07784e279cdd439200f1b32373a0ecfec>	Mental illness--Social aspects--Case studies
