<urn:rula:6edae8fcd71ef2b2275980f8a3a44ecc5977f6ab49738c695505ca2ca9240fea>	Journalism, Regional--Canada
<http://id.loc.gov/authorities/subjects/sh85070777>	Journalism, Regional
<urn:rula:99252126a3a76b69f397e55b6dd5dac94eb7c4faed55533f2787fff5431e8cb9>	Rural journalism--Canada
<http://id.loc.gov/authorities/subjects/sh85070779>	Rural journalism
<urn:rula:0cb7213e3abe7e2ac9a80c5171afe73be7118f568c9dc466e35d2bc7b8f06b46>	Local mass media--Canada
<http://id.loc.gov/authorities/subjects/sh85077935>	Local mass media
<urn:rula:4072a3f15cb6424ebd78ccbf888a8f32cd917cb7696e374e6a2ce81db0af0b00>	Community newspapers--Canada
<http://id.loc.gov/authorities/subjects/sh85029253>	Community newspapers
