<urn:rula:e06a52e07ac2f622e65f09b9202181cf7b9eab96d4e589dc66814b02bf1d0b4b>	Education, Preschool--Canada
<http://id.loc.gov/authorities/subjects/sh85041072>	Education, Preschool
<urn:rula:2eb8275511dcdcc798383bc62f6632d38994cee6094a56fd4ab59bba42ee7349>	Inclusive education--Canada
<http://id.loc.gov/authorities/subjects/sh96009825>	Inclusive education
<urn:rula:548462d0eb02d58dcde2d0511e6851258271b03a05d5a27081394fcacb5e89da>	Early childhood teachers--Canada
<http://id.loc.gov/authorities/subjects/sh90005899>	Early childhood teachers
<urn:rula:e181d2132a05772d1446ea7c1fd14f968dc42d8d5f401916a4c5403a3f409b66>	Early childhood education--Canada
<http://id.loc.gov/authorities/subjects/sh99005760>	Early childhood education
