<urn:rula:e50e579db8dbd36fdfbf62a9b39dac946bc0332c47ebbee9754e202ea6f7963a>	Indigenous peoples--Education--Ontario
<http://id.loc.gov/authorities/subjects/sh93002384>	Indigenous peoples--Education
<urn:rula:e58922812d6053a95667fa8ccfd66789d6a9ba991edc5cb00019ae2795ccbdb1>	Native peoples--Education--Ontario
<http://id.loc.gov/authorities/subjects/sh85090174>	Native peoples
<urn:rula:a5d6607c853cd267b061721b0082846b620dd55d291580890866d22f3703aab8>	Chiefs of Ontario
<urn:rula:7456d9cebe8548010c20194b29e84dc4da9466a22ab8c1117c46ad19262ebc95>	Assembly of First Nations
<http://id.loc.gov/authorities/subjects/sh85031537>	Content analysis (Communication)
