<urn:rula:62c8b186d8b625532bb95770714f270aa5033efdd241774cfe1af00e4c188f76>	Canada--Boundaries--Philosophy
<http://id.loc.gov/authorities/subjects/sh2006005900>	Canada--Boundaries
<urn:rula:92b2532f1d875e098470fea5ba7d31a059774cc0cc87aacbe409d134b2360ab5>	Multiculturalism Program (Canada)
<urn:rula:a438db2037f9c78fe0d67b23e872c0497ffd9556ccb97309168f173de63efe6a>	Multiculturalism--Canada
<http://id.loc.gov/authorities/subjects/sh93001610>	Multiculturalism
<urn:rula:c7ae3a15e2bd99d88710dfec080462e22bf8e183110882069150f7af598859ff>	Group identity--Canada
<http://id.loc.gov/authorities/subjects/sh85057485>	Group identity
<http://id.loc.gov/authorities/subjects/sh2008108224>	Nationalism--Canada
