<urn:rula:aafbabb62568439f977ed48dbd6433614ca7694884c8ca1af38acc3fb288dc47>	Tibetans--Canada
<http://id.loc.gov/authorities/subjects/sh85135232>	Tibetans
<urn:rula:86bfc80f6f0a22968a05c70fb733de5aaee331299572c5a4ed1f7849a8b55fa6>	Refugees, Tibetan--Canada
<http://id.loc.gov/authorities/subjects/sh2004009369>	Refugees, Tibetan
<urn:rula:98c4b76394bda6a31913f092566daeedb43787261997fc7dbdb0b0d19cb03477>	Refugees, Tibetan--Ontario--Toronto
<urn:rula:df856235be532f166ea0cd64a52da5b2c08e01b7aeca49e107a8a3a72bf34cb5>	Tibetan Canadians--Ontario--Toronto
<urn:rula:23bbd8cc7e54ca5aec00b44908f621a381a882e94874161f972b5a48c157bd11>	Tibetan Canadians--Ethnic identity
<urn:rula:2d78a25c1eae06586567c70254dc022704f77e95ccd1306d2f363d962a4ca3d0>	Tibetans--Canada--Ethnic identity
