<http://id.loc.gov/authorities/subjects/sh85057485>	Group identity
<urn:rula:31c6c1d7963849aa54f0c9f84cfc9b7a1a9c20fc7843d7af9a53255497228cb4>	West-Indian Canadians--Ethnic identity
<urn:rula:2d02afb0e7c6a31cb976b29846baad59659ff6497527668d2cdc1284ae7d96cd>	West-Indian Canadians--Ontario--Toronto
<urn:rula:4cc827acd192fcfec27ca2e8a2d5fbf452bbbf16ef45cf137e0713250958b871>	West-Indian Canadian youth--Ontario--Toronto
<urn:rula:ee19de4dfed49e2d36c70d35faaa60f43e7561d207a5fccc5b64626d57c627e4>	West-Indian Canadians
<urn:rula:8d229c931bc80744537453352693592e6b2cabaaced397564038394ee9ca4d82>	Children of immigrants--Ontario--Toronto
<http://id.loc.gov/authorities/subjects/sh85023552>	Children of immigrants
