<urn:rula:01eb8863262e60fd244aa45f1c7316b01410c88310f92cb505ea80969687bba4>	Water--Phosphorus content--Ontario--Lake Simcoe
<http://id.loc.gov/authorities/subjects/sh85145466>	Water--Phosphorus content
<urn:rula:fab267fa27b9987ab9d18e07068722b0161e75b1c3b39425f197ee818dcf430d>	Phosphorus--Environmental aspects--Ontario--Lake Simcoe
<http://id.loc.gov/authorities/subjects/sh85101119>	Phosphorus
<urn:rula:6247232f76db9904461407cf439a917a3f9f4f77ebddc46e0021e4f1942ee004>	Rain and rainfall--Evaluation--Ontario--Lake Simcoe
<http://id.loc.gov/authorities/subjects/sh85111188>	Rain and rainfall
<urn:rula:5f4bea0ca6ffaad9c4d67f6a3cd439ae6ad41f8fd9bf81f7c7067f81c1b412ac>	Water quality management--Ontario--Lake Simcoe
<http://id.loc.gov/authorities/subjects/sh85145604>	Water quality management
