<urn:rula:7ba578cc435bbfd96bcb28fc0fd1276bf5a4d6ce34f65d2d8eb4fd77b360b84a>	Electric power transmission--Mathematical models
<http://id.loc.gov/authorities/subjects/sh85041933>	Electric power transmission
<urn:rula:7415e2ba45c1f5a17daa3c9fbb2226057a587b8baeaf7b0e263d444a60131723>	Electric power systems--Control--Mathematical models
<http://id.loc.gov/authorities/subjects/sh85041923>	Electric power systems--Control
<http://id.loc.gov/authorities/subjects/sh85041927>	Electric power systems--Load dispatching
<http://id.loc.gov/authorities/subjects/sh85082127>	Mathematical optimization
<urn:rula:b115d5004ab21080b12768506b460b8240f868f47cd148f5fc5b373fc65f12aa>	Wind power--Case studies
<http://id.loc.gov/authorities/subjects/sh85146874>	Wind power
