<http://id.loc.gov/authorities/subjects/sh85120499>	Sewage disposal
<http://id.loc.gov/authorities/subjects/sh00007765>	Biotechnology
<http://id.loc.gov/authorities/subjects/sh85120466>	Sewage--Purification--Biological treatment
<urn:rula:3f2ccde98bd18d24c9f01bbb8410534b6b2643e09f73fc0980fe3b45ac826ea0>	Waste products--Environmental aspects
<http://id.loc.gov/authorities/subjects/sh85145424>	Waste products
<urn:rula:62b60738661b0eb3b9b742bb7cfd151b492478630b177b55f860b5f287fa0160>	Sewage sludge--Health aspects
<http://id.loc.gov/authorities/subjects/sh85120516>	Sewage sludge
