<http://id.loc.gov/authorities/subjects/sh2007102131>	Brand name products--Management
<http://id.loc.gov/authorities/subjects/sh85107203>	Product management
<http://id.loc.gov/authorities/subjects/sh85081350>	Marketing research
<urn:rula:1989e9daa2db5e5be535dcf378bebbb36b3441f0847d7274f340c6f570a533e0>	Branding (Marketing)--Statistics
<http://id.loc.gov/authorities/subjects/sh2007006470>	Branding (Marketing)
<urn:rula:45868a7f1bf8f80307b25fe40a09defdfdb112a06ff12bdbff66af171dd192c6>	Strategic planning--Mathematical models
<http://id.loc.gov/authorities/subjects/sh85128511>	Strategic planning
