<http://id.loc.gov/authorities/subjects/sh85103368>	Play (Philosophy)
<urn:rula:1dab4e473eca4a364d122e6982f9f7cf92bc5664506fd91c43e7e4cffa79782e>	Early childhood education--Nigeria
<http://id.loc.gov/authorities/subjects/sh99005760>	Early childhood education
<urn:rula:b3b9d499fe49542ba3eef57a152f77188bb235bf8e6188b1bf789551ce5a8016>	Parents--Attitudes--Cross-cultural studies
<http://id.loc.gov/authorities/subjects/sh2010105119>	Parents--Attitudes
<http://id.loc.gov/authorities/subjects/sh90002379>	Early childhood education--Parent participation
<http://id.loc.gov/authorities/subjects/sh2008102481>	Early childhood education--Curricula
<http://id.loc.gov/authorities/subjects/sh2009119100>	Children--Cross-cultural studies
