<urn:rula:eade09f1f25624858c7c92ad55039b546a164d3c3586852ab77adf07b0333b39>	Museum architecture--Ontario--Toronto--Case studies
<http://id.loc.gov/authorities/subjects/sh85088705>	Museum architecture
<urn:rula:1108a7dce1c913120584bf3156837018ef9bcbed42bdce0e74290ba0e2319823>	Old City Hall (Toronto, Ont.)
<urn:rula:81f484e1100ba40d77937bee465719a321506dd147fbdc8106d769e20b1cc56b>	Public buildings--Ontario--Toronto--Remodeling for other use
<http://id.loc.gov/authorities/subjects/sh89003408>	Public buildings--Ontario
<urn:rula:6ffc734c7d9e1561d9f3f665d0b0c2f5137d930bad6852b15feedbf0ecb37557>	Public buildings--Ontario--Toronto--Remodeling for other use--Case studies
