<urn:rula:e8a7cb926f4e583194fb32376b263d72acd4aaebb4194583908db503eb515e28>	Transportation--Environmental aspects --Ontario--Case studies
<http://id.loc.gov/authorities/subjects/sh2001008994>	Transportation
<urn:rula:280a81041e2cd77af9e17e6d728cefc78244edcc45c49df3d33bd0e18c6b77be>	Transportation--Environmental aspects--Ontario--Toronto
<urn:rula:c131ab86809ce6bb6c885369a1417bf6dd5bec336d3323ec8387d07a0fd4a3b3>	Sustainable engineering--Canada
<http://id.loc.gov/authorities/subjects/sh2006001869>	Sustainable engineering
<urn:rula:f772af901fbbed630efeddaeebe308c95071f2853b85288dc71675436be28712>	Transportation engineering--Canada
<http://id.loc.gov/authorities/subjects/sh85137069>	Transportation engineering
