<http://id.loc.gov/authorities/subjects/sh98007621>	Automobiles--Collision avoidance systems
<http://id.loc.gov/authorities/subjects/sh85010126>	Automobile drivers
<urn:rula:3178d500bf45ca81e105981e14a870e8f69518640b16e44c8410dc477b5705c6>	Traffic safety--Research
<http://id.loc.gov/authorities/subjects/sh85136774>	Traffic safety
<http://id.loc.gov/authorities/subjects/sh91004824>	Automotive sensors
<http://id.loc.gov/authorities/subjects/sh85010253>	Automobiles--Electronic equipment
<http://id.loc.gov/authorities/subjects/sh2003006444>	Distracted driving
<http://id.loc.gov/authorities/subjects/sh85108027>	Proximity detectors
<http://id.loc.gov/authorities/subjects/sh85010133>	Automobile driving
