<urn:rula:514105a248747b315cdc28cbbda756d204d8c4ca66e33240a7240066ae74b282>	Dwellings--Energy conservation--Canada
<http://id.loc.gov/authorities/subjects/sh85040198>	Dwellings--Energy conservation
<urn:rula:114225908c3091b6cbf7544cee3c812d4bd97617fbc66c0be047356e1fae9540>	Sustainable buildings--Canada--Design and construction
<http://id.loc.gov/authorities/subjects/sh2003001382>	Sustainable buildings
<http://id.loc.gov/authorities/subjects/sh85059814>	Heat storage
<http://id.loc.gov/authorities/subjects/sh85082087>	Materials--Thermal properties
<http://id.loc.gov/authorities/subjects/sh85043149>	Energy storage
<urn:rula:3910ebfd1a09a38350a5effe888768e177cd48b18beb38820686f5a25eddcfc5>	High-rise apartment buildings--Energy conservation--Canada
<http://id.loc.gov/authorities/subjects/sh85060689>	High-rise apartment buildings
<urn:rula:2fa8ea811f9d95661523049972aa14940ce94a5a84b9b5e345f535634f652055>	Buildings--Energy conservation--Canada
<http://id.loc.gov/authorities/subjects/sh85017776>	Buildings--Energy conservation
