<urn:rula:18d77adbd50f7449a6a1d63a94d252871dca7f2ace3a3c4d123f168fefd710ea>	Play environments--Safety measures
<http://id.loc.gov/authorities/subjects/sh93000987>	Play environments
<urn:rula:2c358ea714bb99c6b1b5667f0b8bb37f3fa7349e5197aaa0c717e1f554573f7c>	Playgrounds--Planning
<http://id.loc.gov/authorities/subjects/sh85103387>	Playgrounds
<urn:rula:a3a60ec5cbcf96cb980106b14cdbd1d15682bdac8c54303f6d4de9f21cf449f7>	Playgrounds--Accidents--Prevention
<http://id.loc.gov/authorities/subjects/sh2008001806>	Playgrounds--Accidents
<http://id.loc.gov/authorities/subjects/sh85096152>	Outdoor recreation for children
