<urn:rula:d8be405203c64c83b24985a7e981273f6e5e809a7487732bc32b643a616a980d>	OCAD University
<urn:rula:5b819c068ac92a93638b6bf5cb03e3be8f779be1d3bdf90f681bac1ed67f1c51>	College buildings--Design and construction
<http://id.loc.gov/authorities/subjects/sh85141097>	College buildings
<urn:rula:1420de03cac1065f69f585b491f0ef366caa236d0d97b415c2044cf2ca53375b>	Architecture--Ontario--Toronto
<http://id.loc.gov/authorities/subjects/sh85006611>	Architecture
<urn:rula:463fede943c426608b15b2668df1b6424c45b5860a7bf41a3fc193b899d73533>	Architecture--Computer-aided design
<urn:rula:d63fd136f06ebd572bad7b518c06d6cdeb72022cba68ced13a8bfac8366e482c>	Architecture and society--Ontario--Toronto
<http://id.loc.gov/authorities/subjects/sh85006894>	Architecture and society
