<http://id.loc.gov/authorities/subjects/sh96006939>	Architecture--Canada
<urn:rula:58fc4e19f5efcb7d4b40771f2755d1a742561a6b1a831347d7b7054c419cc362>	Union Station (Toronto, Ont.)
<urn:rula:f054bb71677359ab8c00862ea74074d1e8b82de9b3ce0020c5ffad4e56affd22>	Urban policy--Canada
<http://id.loc.gov/authorities/subjects/sh85141322>	Urban policy
<urn:rula:76539490c47bcdf9eea78421887cd0954df3afd055d1da3a0e43087e20bffffb>	Identity politics--Canada
<http://id.loc.gov/authorities/subjects/sh2009000728>	Identity politics
<urn:rula:bf9d66939ded5dd9d1ff0ae90ca44c9955b63d62e514ea32d053ddc6a589eff3>	Cities and towns--Social aspects--Canada
<http://id.loc.gov/authorities/subjects/sh85026130>	Cities and towns
<urn:rula:ec6786a4322e8926bcfd991bef99c2ac55ac9f9f374e1c8930642cc7ab753cf0>	Architecture and society--Canada
<http://id.loc.gov/authorities/subjects/sh85006894>	Architecture and society
