<http://id.loc.gov/authorities/subjects/sh85029003>	Commons
<urn:rula:85836b3e3e12e387e402abbbae66a0eeb07306ecbed513229e6b01d9572259ae>	Sustainable tourism--Fiji--Savusavu
<http://id.loc.gov/authorities/subjects/sh2008002287>	Sustainable tourism
<urn:rula:946776648f224c43e6802755b26d1d0a12573bcab963ac0af177e355a70c1a96>	Tourism--Environmental aspects--Fiji--Savusavu
<http://id.loc.gov/authorities/subjects/sh85136255>	Tourism
<http://id.loc.gov/authorities/subjects/sh90005735>	Social responsibility of business
