<http://id.loc.gov/authorities/subjects/sh85125945>	Space perception
<http://id.loc.gov/authorities/subjects/sh85006894>	Architecture and society
<http://id.loc.gov/authorities/subjects/sh86000747>	Architecture--Aesthetics
<http://id.loc.gov/authorities/subjects/sh2007101285>	Architecture--Philosophy
<http://id.loc.gov/authorities/subjects/sh85125907>	Space (Architecture)
<http://id.loc.gov/authorities/subjects/sh85126348>	Spatial behavior
<http://id.loc.gov/authorities/subjects/sh85087104>	Mood (Psychology)
