<urn:rula:86b6336971f18d99830503155c8cf7ab10b1492369f46d685c1418ca8cf08b63>	Kim’s convenience (Television program)
<urn:rula:bb15e5b7f648b3e0a872cdc0cf2172c69a7250043d50c6482c21663d6bcc1355>	Immigrants--Cultural assimilation--Canada
<http://id.loc.gov/authorities/subjects/sh00005553>	Immigrants--Cultural assimilation
<urn:rula:6002449ae733ddfd5de7805073b8564d57001d56218a87f48801516a239b6a73>	Korean Canadians--Ontario--Toronto
<urn:rula:32470cb2c87cedc05ae5d7213ce490d721fc110f20fcd2ca3ebabc71880a3eb1>	Korean Canadians--Ontario--Toronto--Drama
<http://id.loc.gov/authorities/subjects/sh00009792>	Critical discourse analysis
<http://id.loc.gov/authorities/subjects/sh85128018>	Stereotypes (Social psychology)
<http://id.loc.gov/authorities/subjects/sh2003011625>	Racism on television
<http://id.loc.gov/authorities/subjects/sh85085835>	Minorities on television
<http://id.loc.gov/authorities/subjects/sh97004537>	Race relations on television
