<urn:rula:eb32ac88303183fdc2b16e1e778093a78922810dc1b3a35cc1f85dabe508751b>	Refugees--Services for--Ontario
<http://id.loc.gov/authorities/subjects/sh00007585>	Refugees
<urn:rula:67065154ee9930fd2c9ce46c2d52ea193a8ae1e128c703ec88da3b14739c5cd1>	Afghan Association of Ontario (North York, Ont.)
<urn:rula:11629e4254e9dd87e2d8b060b0863fe51579c401f0ca9c271737ce9abba59a12>	Afghan Women’s Organization (North York, Ont.)
<urn:rula:5d2e1a3b0024874e63d5dc83e908c9c8395fb5bd77d2a1961ddd24493f8c909d>	Immigrants--Government policy--Ontario
<http://id.loc.gov/authorities/subjects/sh85064517>	Immigrants
<urn:rula:72e97d40f5dafb250d1f6bf27bf09ef2789a6e2e63423d249e8220dfde0ebc4a>	Afghan Canadians--Services for--Ontario
<urn:rula:20bdc26058608fb3437bbb3b2aecce27032297d0cd52e16d25db4b0ef12f3819>	Afghans--Services for--Ontario
<http://id.loc.gov/authorities/subjects/sh90002018>	Afghans
