<urn:rula:51eedd17702c06bb08e055e0229b303652ee2ce1f3012cc92bafa9a4e0b6859c>	Children's rights--Ontario
<http://id.loc.gov/authorities/subjects/sh85023773>	Children's rights
<urn:rula:6198ba0f2cdfbb2921c5fdfa86fe5d4151560817f4501938a7d3ac9fdcbad3cf>	Unaccompanied refugee children--Legal status, laws, etc.--Canada
<http://id.loc.gov/authorities/subjects/sh2007002870>	Unaccompanied refugee children
<urn:rula:6cfb783de5deaf30042ab91b73b4658b7895b955bdb8e40b87c41b68fd4d68f9>	Unaccompanied refugee children--Ontario--Toronto
<urn:rula:f646b0f9f2e380e8cf43a51669804a81528d0f08ed6479c7dde693460b71f7ab>	Unaccompanied refugee children--Services for--Ontario--Toronto
