<urn:rula:9a7340ee9b4637f8405aa87664f22dd1e9ce5225edad8ced077ea0d176e9f49d>	Human-computer interaction--Psychological aspects
<http://id.loc.gov/authorities/subjects/sh88003229>	Human-computer interaction
<http://id.loc.gov/authorities/subjects/sh85029060>	Communication in design
<urn:rula:6b9516be13c92a06ff738f5d13ba2fccaae5ea4088f0c01ee56c4cad30662f39>	User interfaces (Computer systems)--Cross-cultural studies
<http://id.loc.gov/authorities/subjects/sh88001679>	User interfaces (Computer systems)
<urn:rula:684787a11bd09a2b44a58152a1cfec03b4214324253b199217ecd65126d40231>	Human-computer interaction--Research
<http://id.loc.gov/authorities/subjects/sh94003061>	Communication and technology
<http://id.loc.gov/authorities/subjects/sh2005004225>	Design and technology
