<urn:rula:53a5d5459e4624b8d525186f1e5f9e1df591972afde2cd9ab772bfd0f26f2116>	Trust in children--Cross-cultural studies
<http://id.loc.gov/authorities/subjects/sh90005823>	Trust in children
<http://id.loc.gov/authorities/subjects/sh86001679>	Ethnicity in children
<urn:rula:6322ed30b31284520760504730276cfa1d996f2556da0528f2cdbadd8db65784>	Chinese-Canadian children
<urn:rula:4ed4da7eabebe71a7c6176ffa267dd87a2eec6d0920f29800c3dcb6bb2a48938>	Social learning--Cross-cultural studies
<http://id.loc.gov/authorities/subjects/sh85123970>	Social learning
