<urn:rula:3d940e41e00275c5647f2f75d4426c1e13fa57ce6cb1569b6ee733a7eaac61ef>	Climatic changes--Research--Canada
<http://id.loc.gov/authorities/subjects/sh91002193>	Climatic changes--Research
<http://id.loc.gov/authorities/subjects/sh85063450>	Hydrologic cycle
<urn:rula:49ba637936b3eeff7806037d3f991b788fedb06e9dfbba98a19c8f8de6c88464>	Bridges--Safety measures
<http://id.loc.gov/authorities/subjects/sh85016829>	Bridges
<urn:rula:65b5f5a88719f3090de882fda09aa26a21215058bd6b9ffbe016b8a566dc4a6e>	Bridges--Canada--Maintenance and repair
<urn:rula:374cff4416787879f8c077f56b15126d32a80ec4355b8e55db79981be93d6b2f>	Bridges--Ontario--Ottawa
<http://id.loc.gov/authorities/subjects/sh87004116>	Bridges--Ontario
