<urn:rula:0dff7227239bf13d7282f574d2dc5148dd48b65d1cd5c26e711713031b0720d9>	Reinforced concrete construction--Canada
<http://id.loc.gov/authorities/subjects/sh85112451>	Reinforced concrete construction
<http://id.loc.gov/authorities/subjects/sh85043209>	Engineering design
<http://id.loc.gov/authorities/subjects/sh85129198>	Structural engineering
<urn:rula:69cf772d13767c3629223ddc0d912efda36d9c734b33382ed5fe08fdb671a89e>	Structural analysis (Engineering)--Research
<http://id.loc.gov/authorities/subjects/sh85129216>	Structural analysis (Engineering)
