<urn:rula:59b8f6a995944830c1d0eb571f2d24de38591fcf62248ff71fa4c8b4c7000bb4>	Amusement parks--Economic aspects
<http://id.loc.gov/authorities/subjects/sh85004698>	Amusement parks
<urn:rula:651c330fdfec4ce26686f011b72a046c61506968b459d478dbaaa91f04fc281c>	Amusement parks--Social aspects
<urn:rula:c8dcbd4904bed94400c031a36eb206ad1ecbefc11c9d622fb393d8ebb65e1a5c>	Amusement parks--Planning
<urn:rula:f50a0fc5b1221a942096ebbad304a6df90594c00d9bfddec30366cf5c80c1b13>	Avatars (Virtual reality)--Psychological aspects
<http://id.loc.gov/authorities/subjects/sh2006004464>	Avatars (Virtual reality)
<urn:rula:313d1b4eb1086905f6d53b67a9147a9d67a934f965803290b5ff4d8f334fdf37>	Amusement parks--Design and construction
<urn:rula:5d82817ec46a7426e1bfb44dda73eaee4fa88fd9d19daad6cb013305271955df>	Themed environments--Design
<http://id.loc.gov/authorities/subjects/sh2001001486>	Themed environments
<http://id.loc.gov/authorities/subjects/sh2001001496>	Senses and sensation in architecture
<http://id.loc.gov/authorities/subjects/sh85006633>	Architecture--Psychological aspects
