<urn:rula:bb54f9d4c6ec569148a38bf6b29cac5e10b9bdc1687de2cf971ab4447f6a85ef>	Tourism--Case studies
<http://id.loc.gov/authorities/subjects/sh85136255>	Tourism
<http://id.loc.gov/authorities/subjects/sh2005004726>	Internet marketing
<urn:rula:0c6436a577a0dfb9e42734ccdf7a794c58c75b41e4bd11421c4c5633a0ae47a3>	Social media--Marketing
<http://id.loc.gov/authorities/subjects/sh2006007023>	Social media
<http://id.loc.gov/authorities/subjects/sh89002650>	Social marketing
<http://id.loc.gov/authorities/subjects/sh85034963>	Customer relations
<urn:rula:b0191b0872645be9c7631e074633724de93d2f7cc26146d768e33b3fbc691d4b>	Tourism--Ontario--Marketing
<urn:rula:aa6a88ffd80609d73d5b64c7dc653cd413102f5653dfec201783f044d02e78e8>	Relationship marketing--Case studies
<http://id.loc.gov/authorities/subjects/sh96005326>	Relationship marketing
