<urn:rula:e0f0f4dc888f8b4ca26c649828a83077751e5d213f7bf6a422d23e659ffd866c>	Race awareness--Guyana
<http://id.loc.gov/authorities/subjects/sh85110234>	Race awareness
<http://id.loc.gov/authorities/subjects/sh85058023>	Guyana--Social conditions
<urn:rula:669aeb60f9d46ef4df2d222e02634edc7f5fffbce5a3cc28fb5979df7cd5916d>	Ethnicity--Guyana
<http://id.loc.gov/authorities/subjects/sh85045187>	Ethnicity
<urn:rula:71144b891a57d74e1971fd3f0d4ef6dbb41b7ce32c8616b2eaa8a5bb11ed1356>	Mass media--Social aspects--Guyana
<http://id.loc.gov/authorities/subjects/sh85081876>	Mass media--Social aspects
<urn:rula:84c6c06a408b53fc6b83bfa52590d6f8edf39da161a48c95c583ee4ee61e3613>	Mass media and culture--Guyana
<http://id.loc.gov/authorities/subjects/sh94007034>	Mass media and culture
<urn:rula:fab84e32bbdfb6da7204858d2fa7075b07fd8e28486ba17fc824377528ab5a8f>	Racially mixed people--Haiti--History
<http://id.loc.gov/authorities/subjects/sh91005403>	Racially mixed people
<urn:rula:f0e9c5c84357e0c143ae9d6594e98883ac26a0074d4ac688027f1c1de36ddc03>	Human skin color--Social aspects--Guyana
<http://id.loc.gov/authorities/subjects/sh85028612>	Human skin color
