<http://id.loc.gov/authorities/subjects/sh85029040>	Communication--Social aspects
<http://id.loc.gov/authorities/subjects/sh85081876>	Mass media--Social aspects
<http://id.loc.gov/authorities/subjects/sh94005025>	Mass media--Public opinion
<urn:rula:7840ddef398ca13e8e112e9a7f0309ca0b98598ff153bb70996e08334cb8478b>	Online journalism--Public opinion
<http://id.loc.gov/authorities/subjects/sh2004000803>	Online journalism
<http://id.loc.gov/authorities/subjects/sh85081894>	Mass media criticism
<http://id.loc.gov/authorities/subjects/sh2006007023>	Social media
