<urn:rula:5629d2092c43119abac5f294c86fd6dadb5686967213955a2b003f356ae2113d>	Traffic signs and signals--Ontario--Toronto--Design and construction--Case studies
<http://id.loc.gov/authorities/subjects/sh85136778>	Traffic signs and signals
<http://id.loc.gov/authorities/subjects/sh2006004340>	Traffic signs and signals--Control systems
<urn:rula:3d6328a043f2af68d7d1d4ab53da10ee986240aa4aa468cda8594cbcbfd0cbeb>	Traffic signs and signals--Ontario--Toronto--Case studies
<urn:rula:79b00d5e17624658b59d3d07a1e29f7fbf3d70451ffcfa1edee60eb8c4f254c9>	Traffic engineering--Ontario--Toronto
<http://id.loc.gov/authorities/subjects/sh85136766>	Traffic engineering
<http://id.loc.gov/authorities/subjects/sh85136769>	Traffic flow
