<http://id.loc.gov/authorities/subjects/sh85013111>	Bending
<http://id.loc.gov/authorities/subjects/sh85136148>	Torsion
<http://id.loc.gov/authorities/subjects/sh85136134>	Torque
<urn:rula:861b78fa3eff39deeb5e45f5968ac1ec4f85bbdb7f0c250951c0e2e716168e05>	Vibration--Measurement--Mathematical models
<http://id.loc.gov/authorities/subjects/sh85143118>	Vibration--Measurement
<http://id.loc.gov/authorities/subjects/sh2002006449>	Vibration
<http://id.loc.gov/authorities/subjects/sh85048349>	Finite element method
<http://id.loc.gov/authorities/subjects/sh85055005>	Girders--Vibration
<http://id.loc.gov/authorities/subjects/sh89000016>	Composite materials--Delamination
<http://id.loc.gov/authorities/subjects/sh85129216>	Structural analysis (Engineering)
