<http://id.loc.gov/authorities/subjects/sh2007004097>	Human activity recognition
<urn:rula:0bfce7e4a1f8fe54b9a273d5dfdaf2a7730c9e473dcf31390b9adca0062899fd>	Wearable computers--Health aspects
<http://id.loc.gov/authorities/subjects/sh98000312>	Wearable computers
<http://id.loc.gov/authorities/subjects/sh85122398>	Signal processing--Digital techniques
<urn:rula:b382297ffec2ba0fb227038cf7cf3ee695573f150dbdc754714dfc774969ab54>	Medical informatics--Data processing
<http://id.loc.gov/authorities/subjects/sh89005069>	Medical informatics
<http://id.loc.gov/authorities/subjects/sh2013000266>	Internet of things
