<http://id.loc.gov/authorities/subjects/sh85041150>	Educational technology
<http://id.loc.gov/authorities/subjects/sh85092222>	Non-formal education
<http://id.loc.gov/authorities/subjects/sh2009124643>	Education, Higher--Social aspects
<http://id.loc.gov/authorities/subjects/sh2008118911>	Education, Higher--Computer-assisted instruction
<http://id.loc.gov/authorities/subjects/sh2001006206>	Internet in higher education
<http://id.loc.gov/authorities/subjects/sh2006007023>	Social media
<http://id.loc.gov/authorities/subjects/sh86007348>	Education, Higher--Effect of technological innovations on
