<urn:rula:35122669bad58028a74aaada52512fb9d5b50c1a5fbe163ac253468eea5e6c5f>	Neighborhood planning--Ontario--Toronto
<http://id.loc.gov/authorities/subjects/sh2004007601>	Neighborhood planning
<urn:rula:2e7fe8835adfb362b97cd18136d0bc188f3126f0a5d30e1e0e8c4345eec9e038>	Community development--Ontario--Toronto
<http://id.loc.gov/authorities/subjects/sh85029215>	Community development
<urn:rula:38b9b35d1914e31e3951a5b31317d025befda76137bff516b17871ca62d2c7ad>	Urban renewal--Ontario--Toronto
<http://id.loc.gov/authorities/subjects/sh85141324>	Urban renewal
<urn:rula:46f21b3ac7a2c44f664585c5aa9388faec0916ea4cc629b5ee9c1cc4c2e61456>	Store location--Ontario--Toronto Region--Planning
<http://id.loc.gov/authorities/subjects/sh85128374>	Store location
<http://id.loc.gov/authorities/subjects/sh2009119939>	City planning--Ontario--Toronto
