<http://id.loc.gov/authorities/subjects/sh85127379>	Star trackers
<http://id.loc.gov/authorities/subjects/sh85008944>	Astronautical instruments
<http://id.loc.gov/authorities/subjects/sh85008963>	Astronautics--Systems engineering
<urn:rula:556d85dee3214856b3ef6fbe89250415a935f1296cc55b095afd2ae1700600ea>	Aeronautics--Technlogical innovations--Research
<http://id.loc.gov/authorities/subjects/sh85001319>	Aeronautics
<urn:rula:f2e072aa6f9f3b2fef96807065528a72d5260785b55f1cceedc3fcbc77f76448>	Aeronautics--Forecasting--Research
