<urn:rula:73318dbeb7ea4be7af948738daa15674ae35392842136f6597c72477827e955b>	Architecture, Domestic--Africa
<http://id.loc.gov/authorities/subjects/sh85006722>	Architecture, Domestic
<urn:rula:f937d8794b768f07c68378ee1ae8e7add54d90c3b6d4138f37519a2ced6ba7e4>	Architectural design--Social aspects
<http://id.loc.gov/authorities/subjects/sh85006585>	Architectural design
<urn:rula:22316d4ee4e45b252963833c29a21a9a34ef9b2517384c2099b97d122aceec15>	Vernacular architecture--Africa
<http://id.loc.gov/authorities/subjects/sh85142845>	Vernacular architecture
<urn:rula:746775178aedc3fc6895c4cf063373d2a7d36914602e9c4b2b7eefb583079fe6>	Architecture--Environmental aspects--Africa
<http://id.loc.gov/authorities/subjects/sh85006627>	Architecture--Environmental aspects
