<urn:rula:f9dc152fca6279597e94b01ebf4049fc046a6c267384fd6254b5f7a2e3307e04>	Advertising--Moral and ethical aspects
<http://id.loc.gov/authorities/subjects/sh85001086>	Advertising
<urn:rula:f8048bd9d190f527ace56811d7f69b491089add9e8aa9357c48123fcb769de59>	Endorsements in advertising--Canada
<http://id.loc.gov/authorities/subjects/sh85043096>	Endorsements in advertising
<urn:rula:4156520ee04270c2d7cdedf93563c4f3fb528e9909f2dab54051b0980d2ab274>	Deceptive advertising--Canada
<http://id.loc.gov/authorities/subjects/sh85001182>	Deceptive advertising
<urn:rula:1cafc16c73ad780f40e541e5f960a80fbb4e07733c9f9ba479af0a332bb9c9b4>	Consumer protection--Canada
<http://id.loc.gov/authorities/subjects/sh85031486>	Consumer protection
<urn:rula:aa438c6c9d9dd283fd7827824e7cefe4eb841fc6ebaaa260a24d016cafd8310f>	Consumer behavior--Canada
<http://id.loc.gov/authorities/subjects/sh87006429>	Consumer behavior
<urn:rula:626c7ca7bb05a81fe7f7dd3a9119d0f4a7d0e3067cbc19a73046db7e99f179dc>	Online social networks--Moral and ethical aspects.
<http://id.loc.gov/authorities/subjects/sh2006006990>	Online social networks
<urn:rula:4aba95704d8bf02c12abc90c6cbd70ba15a9e2edbecc920c1a67e166f49cce80>	Internet marketing--Moral and ethical aspects
<http://id.loc.gov/authorities/subjects/sh2005004726>	Internet marketing
