<http://id.loc.gov/authorities/subjects/sh89005176>	Merit pay
<urn:rula:2011dc38fba6fec6e7111e980eeeb2864378afeb9b248828b9c4d71f0a0acd5c>	Employee motivation--Management
<http://id.loc.gov/authorities/subjects/sh85042868>	Employee motivation
<http://id.loc.gov/authorities/subjects/sh2010105502>	Performance--Measurement
<urn:rula:1772bea3582381406ca1fdfc52cf1a919b4d5e9c0eb32c4f23ae3ea3593d92f2>	Creative ability in business--Management
<http://id.loc.gov/authorities/subjects/sh85033838>	Creative ability in business
<http://id.loc.gov/authorities/subjects/sh85099810>	Performance awards
