<http://id.loc.gov/authorities/subjects/sh2003006555>	Sustainable buildings--Design and construction
<urn:rula:13deee595a8a7d77e66473276b1391b91ea7b231182de66978c39485a938e3b4>	Buildings--Energy consumption
<http://id.loc.gov/authorities/subjects/sh85017769>	Buildings
<http://id.loc.gov/authorities/subjects/sh85006885>	Architecture and energy conservation
<http://id.loc.gov/authorities/subjects/sh85017740>	Building materials
<http://id.loc.gov/authorities/subjects/sh85017776>	Buildings--Energy conservation
<urn:rula:dff3f90f2bae744e75e367b4f6d373a7483badb4a32340e3d6a2f55d1f998d80>	Buildings--Environmental aspects
