<http://id.loc.gov/authorities/subjects/sh88007108>	Drug delivery systems
<http://id.loc.gov/authorities/subjects/sh85019539>	Cancer--Research
<http://id.loc.gov/authorities/subjects/sh85019547>	Cancer--Treatment
<http://id.loc.gov/authorities/subjects/sh2001009095>	Technological innovations
<urn:rula:13a911e12eccf2e0e84a35ad654ca628f45bc82f30557a2281cf4d93f1ef31b6>	Nanoparticles--Health aspects
<http://id.loc.gov/authorities/subjects/sh85089689>	Nanoparticles
<urn:rula:13a3a61ffd5b840a6d8621300d5c1fc605e1d7ae5a1eab0e5c238a48a8646cf9>	Nanoparticles--Toxicology
