<http://id.loc.gov/authorities/subjects/sh85088810>	Music--Physiological effect
<urn:rula:5cb55eb28dea8a462062d067734b6c7c0520e7760ce355d9691fecf2d95445f5>	Music--Psychological effect
<http://id.loc.gov/authorities/subjects/sh85088762>	Music
<http://id.loc.gov/authorities/subjects/sh85088859>	Music, Influence of
<http://id.loc.gov/authorities/subjects/sh2006004469>	Psychotherapy and music
<http://id.loc.gov/authorities/subjects/sh85128705>	Stress (Psychology)
<http://id.loc.gov/authorities/subjects/sh85128702>	Stress (Physiology)
