<urn:rula:547bae0b8e9c5bd5be29bb50840a619981f7663d16d1a12440bff03b8342cdc8>	Gentrification--Ontario--Toronto--Case studies
<http://id.loc.gov/authorities/subjects/sh85053952>	Gentrification
<urn:rula:38b9b35d1914e31e3951a5b31317d025befda76137bff516b17871ca62d2c7ad>	Urban renewal--Ontario--Toronto
<http://id.loc.gov/authorities/subjects/sh85141324>	Urban renewal
<http://id.loc.gov/authorities/subjects/sh97000183>	Cultural property
<urn:rula:9a9f1abcbf9dec81993f6ec09d25fbfcca0f13f00864f01269c3a2f4cbc2c543>	Business enterprises--Ontario--Toronto
<http://id.loc.gov/authorities/subjects/sh85018285>	Business enterprises
<urn:rula:f1c9ae2a137139af0d3d9fc18f287a31f49a9d7ead074794160cc90d5c74e88c>	Small business--Ontario--Toronto
<http://id.loc.gov/authorities/subjects/sh85123568>	Small business
<http://id.loc.gov/authorities/subjects/sh2009119939>	City planning--Ontario--Toronto
<urn:rula:580df219ababbcd61ac97a15f8dd3c859f891a2d6c13525bedf6f363223c24ec>	Yonge Street (Toronto, Ontario)
