<urn:rula:8746d7004b9b86b0181b378b3d709089b94f0964a16ebdd91557feec4f436b79>	Women--Job stress
<http://id.loc.gov/authorities/subjects/sh2002006249>	Women
<http://id.loc.gov/authorities/subjects/sh2010118946>	Women--Employment--Psychological aspects
<http://id.loc.gov/authorities/subjects/sh85018150>	Burn out (Psychology)
<http://id.loc.gov/authorities/subjects/sh85128705>	Stress (Psychology)
<urn:rula:98b02c2eb7c7a0329ea041b19eee8fcdfe208df8cd3a804428d092a6deb8d372>	Mental fatigue--Social aspects
<http://id.loc.gov/authorities/subjects/sh85047466>	Mental fatigue
<http://id.loc.gov/authorities/subjects/sh85032985>	Nonprofit organizations
