<http://id.loc.gov/authorities/subjects/sh2008103593>	Fashion--Social aspects
<http://id.loc.gov/authorities/subjects/sh85047378>	Fashion--Forecasting
<urn:rula:d292987983b49a1c23506113ddab2155fa16298c73bc80d4eea42abf38fc5fb9>	Clothing trade--Forecasting
<http://id.loc.gov/authorities/subjects/sh85027174>	Clothing trade
<urn:rula:ec2e248da7049b8efdcc38c3602bf4d2ffdb0302432884cab1167990b595915f>	Fashion design--Social aspects
<http://id.loc.gov/authorities/subjects/sh2003012057>	Fashion design
<urn:rula:71f7fc793d76b8f5a3744903ba571c2be96d73942f7f5a4040556333ccd6173f>	Fashion--Political aspects
<http://id.loc.gov/authorities/subjects/sh85047377>	Fashion
<urn:rula:11633866a28bb3ee70c81ff388aaed59f5aaed7593b180360da8be3bd8263207>	Clothing and dress--Political aspects
<http://id.loc.gov/authorities/subjects/sh85027160>	Clothing and dress
