<urn:rula:49aa4d5d4915c88c032b94d729c52ce54114fe58bba651ffd3ebdb2ae3b8b774>	Hydrology--Canada
<http://id.loc.gov/authorities/subjects/sh85063458>	Hydrology
<urn:rula:5a856152df9f4e143df3b6970c5cbcace69661cd6d01994478a310b8903e2684>	Salt--Environmental aspects--Canada.
<http://id.loc.gov/authorities/subjects/sh85116850>	Salt
<urn:rula:a76fec30ac2e1e2b12287384c92b420e4875d5dc0086b2e088fe3b7e6252f76b>	Roads--Snow and ice control--Environmental aspects--Canada
<http://id.loc.gov/authorities/subjects/sh85114517>	Roads--Snow and ice control
<urn:rula:885e6e62ccb6c2b52e63d5388d76cf752b6880cdfee448abe87d0f68c6414a27>	Water--Pollution--Canada
<http://id.loc.gov/authorities/subjects/sh85145467>	Water--Pollution
<urn:rula:df226855566e7693705c8c3d3f1cfdfe70f3f70e28061c13f777e4a3a7d7536c>	Watersheds--Canada
<http://id.loc.gov/authorities/subjects/sh85145749>	Watersheds
<urn:rula:867e0550a81755e6d9b76cf62e409a1ab7c226f80c3a56338f21281def44b9b7>	Deicing chemicals--Environmental aspects--Canada
<http://id.loc.gov/authorities/subjects/sh85036496>	Deicing chemicals
<http://id.loc.gov/authorities/subjects/sh94002999>	Urban runoff--Management
