<urn:rula:47621aa8173ca0ce1701f35282820ad1e35fc18633c125b44b81d1bb724ae2da>	Art--Research--Methodology
<http://id.loc.gov/authorities/subjects/sh85007461>	Art
<urn:rula:b5bdb722a7ea26b45d93013dc9895eefb68160d471ed27f18e9624c1fd1868a1>	Canada, Northern--In art--Exhibitions
<http://id.loc.gov/authorities/subjects/sh85019363>	Canada, Northern
<http://id.loc.gov/authorities/subjects/sh2007100385>	Canada, Northern--Description and travel
<urn:rula:a34dcbbb9efa1b511f4ee9d5d191443111a53bb878bc97e81b9ed279b831bb5b>	Canada, Northern--Pictorial works--History
<urn:rula:504d9d45ac0fc8e5cc1af5f183cce66705c040727a27f645792891b3e237b2fa>	Art museums--Collection management--Canada
<http://id.loc.gov/authorities/subjects/sh2002000803>	Art museums--Collection management
<urn:rula:774357262e35de68aa710374d442d9f68903b34ad57ff261fde53a6c1a5fe112>	Visual communication--Social aspects--Canada--History--20th century
<http://id.loc.gov/authorities/subjects/sh85143917>	Visual communication
<http://id.loc.gov/authorities/names/n80152858>	Group of Seven (Group of artists)
