<urn:rula:0e2d2ebde9d576fff7244906f670ec20b571e7f5fc47f756d628d05b59f08817>	Banks and banking--Canada--Case studies
<http://id.loc.gov/authorities/subjects/sh2007101868>	Banks and banking--Canada
<urn:rula:ae8e7d702efd77c315780c0958f916a85feefa3b8bd205a05d2a0729e9ed6f8a>	Banks and banking--Data processing--Canada
<http://id.loc.gov/authorities/subjects/sh85011619>	Banks and banking--Data processing
<urn:rula:a5edd3e906890336e4c2cf64544b9fda7ff5f95277e13c747b5413c7fd15ebe7>	Banks and banking--Information technology--Canada
<http://id.loc.gov/authorities/subjects/sh85011609>	Banks and banking
<urn:rula:a39da4bb3179f3f3372dfca114c5ff9f12b0c32e300ee47e8384bb0dd6b10fa2>	Banks and banking--Technological innovations--Canada--Case studies
<http://id.loc.gov/authorities/subjects/sh2009116763>	Banks and banking--Technological innovations
<http://id.loc.gov/authorities/subjects/sh99014205>	Internet banking
