<urn:rula:63e1df37e903df4d1e05545a395648ffbfc1c0effb568576c22c1529aff9f0e5>	Feminism and mass media.
<http://id.loc.gov/authorities/subjects/sh85047741>	Feminism
<urn:rula:d565368381df477c34a58c71600b473e375ef6faa2c7d3ee5a3b64d25d1bf4a0>	Internet--Social aspects.
<http://id.loc.gov/authorities/subjects/sh92002816>	Internet
<urn:rula:7583e6b02470bfe4d6e4a10e22e253c8bc8380bdd11934007e0a6c5d9fc0ab6f>	Internet--Political aspects.
<urn:rula:c638bc47a16598b739dc95ee69bb13ac45d4e8c7fa35cc08e8178a9f821d8d64>	Social movements.
