<urn:rula:112525e3078c42e7553d582d7212e2e1c0336fc6136ac8a588965e0093ce9651>	Social media--Research
<http://id.loc.gov/authorities/subjects/sh2006007023>	Social media
<urn:rula:3c960ae16a1c150e35520d0f556349a0957d6724f70f5817eb47b48e7d11eba5>	Online social networks--Research
<http://id.loc.gov/authorities/subjects/sh2006006990>	Online social networks
<urn:rula:076ea1f991ceeff09a8db56b4b0b6d17351860010a7a7738109b57c9f0b93100>	Information technology--Research
<http://id.loc.gov/authorities/subjects/sh2002012003>	Information technology
<urn:rula:1141e9c650ba0523c17bef921e314a9312b8ffbe91e7fffbd4022c9db5eec469>	Online social networks--Mathematical models
<urn:rula:f2364402cf93e4d26ba4a8a6eb1a9373af739aab8557766aa06500fd8e854895>	Peer -to-peer architecture--(Computer networks)
