<http://id.loc.gov/authorities/subjects/sh2008123297>	Indigenous peoples--Legal status, laws, etc.--Canada
<urn:rula:8db75fee11180e8c71169a27f8d8cf45a287f617d33aa7563e1088c4a35cd111>	Indigenous peoples--Politics and governance--Canada
<http://id.loc.gov/authorities/subjects/sh85090174>	Native peoples
<urn:rula:9e8729f5540e0dfefe983a9fac3585acb1e0375ea91363ac3359c8eef6f59d02>	Indigenous peoples--Government relations--Canada
<http://id.loc.gov/authorities/subjects/sh00002178>	Indigenous peoples--Government relations
<urn:rula:f51d6017f9d8d8045545f32ae267394897a78ca6ff8fff3d322dce6ccfb10c77>	Native peoples--Canada--Legal status, laws, etc.--Canada
<urn:rula:e539de71f51983d3d4b801d8948799b6d9f3da6df9e5953aff240b3441697f23>	Native peoples--Canada--Politics and governance
<urn:rula:3a2e82a94fc4e96facc377ac4298d3f6861f071d65801654d029c9f8640c874d>	Native peoples--Canada--Government relations--Canada
<urn:rula:90f977f912c517fdec96d8986fa17c7a071b7801d6852c2e100f1b3f5c48dffe>	Nehinuw
