<http://id.loc.gov/authorities/subjects/sh85083801>	Mercury--Toxicology
<urn:rula:c160e87084213cf1890d2f90ef3c3c651eb58846ee54fef9fa464a60315049f0>	Fish--Mercury content
<http://id.loc.gov/authorities/subjects/sh85048726>	Fish
<http://id.loc.gov/authorities/subjects/sh85048619>	Fish as food--Contamination
<http://id.loc.gov/authorities/subjects/sh2010101526>	Mercury--Environmental aspects
<urn:rula:4f95650c7154f1d83cf7698168b9307573da7e1644168d04dc7ce2c2669f6b6e>	Indigenous peoples--Ontario--Fort Albany--Social conditions
<http://id.loc.gov/authorities/subjects/sh85090174>	Indigenous peoples
<urn:rula:ad2157b5ee14982cb90ff6bb9d4870ff6af3e931407a39cc6c50419602861926>	Fish as food--Health aspects.
<http://id.loc.gov/authorities/subjects/sh85048617>	Fish as food
<http://id.loc.gov/authorities/subjects/sh00006006>	Health risk assessment
