<urn:rula:8c5e931a55a33252b86be6db13d231574347c6a75a8ed3e70e17aca3dde6c0df>	Roads--Snow and ice control--Ontario
<http://id.loc.gov/authorities/subjects/sh85114517>	Roads--Snow and ice control
<urn:rula:d7bfb08975c79918fbca30079b61572b6e7f0a864fb173322b564e35a90e70d6>	Deicing chemicals--Environmental aspects--Ontario
<http://id.loc.gov/authorities/subjects/sh85036496>	Deicing chemicals
<urn:rula:79b95af17b151ddd530e9546b33469bde4f4b921e9222076a81b18e2abe788c1>	Salt--Environmental aspects--Ontario
<http://id.loc.gov/authorities/subjects/sh85116850>	Salt
