<http://id.loc.gov/authorities/subjects/sh2004001408>	Sustainable development reporting
<http://id.loc.gov/authorities/subjects/sh85123906>	Social accounting
<http://id.loc.gov/authorities/subjects/sh85002465>	Agriculture--India
<urn:rula:831d3469096b51d0037a35858a802714793c7e2a21a3c7b33df3efcb3a7976e6>	Agriculture--Environmental aspects--India
<http://id.loc.gov/authorities/subjects/sh90003962>	Agriculture--Environmental aspects
<http://id.loc.gov/authorities/subjects/sh85002280>	Agricultural chemicals--Environmental aspects
<http://id.loc.gov/authorities/subjects/sh85100279>	Pesticides--Environmental aspects
