<http://id.loc.gov/authorities/subjects/sh2010117816>	Video games--Social aspects
<http://id.loc.gov/authorities/subjects/sh85001195>	Advertising and children
<urn:rula:a5a1716f34f12a9554466e6bf1e4ecd6757f29e52f73e1471c68b295bbfb7714>	Consumption (Economics)--Social aspects
<http://id.loc.gov/authorities/subjects/sh85031498>	Consumption (Economics)
<urn:rula:c05018157344bebd31f2872249cc58718b28108948f0e55bba3bd60d1df42ff3>	Pokémon (Game)--Social aspects
<http://id.loc.gov/authorities/subjects/sh99000216>	Pokémon (Game)
<urn:rula:2ec712ec6aa0ad8cfa003f89e1bebf2a837e12b15f532acf71b27d4693500209>	Animal Crossing: New Leaf (Game)--Social aspects
<urn:rula:ce120eb500ac8bd1f0913153d0e5c51017ac55f1b6c49617a522dd3f7df44b7d>	Video games-- Psychological aspects
<http://id.loc.gov/authorities/subjects/sh85143202>	Video games
<http://id.loc.gov/authorities/subjects/sh85009391>	Attention
