<urn:rula:62b30ee827ef5525bc90ea904f95e6888041a0095a92633ebce9181e36f2b7d1>	Fashion--Social aspects--Canada.
<http://id.loc.gov/authorities/subjects/sh2008103593>	Fashion--Social aspects
<urn:rula:1060c00483049ba20fb575891b1f308d7d33d0a47bbf7783513383229fdd572c>	Clothing trade--Moral and ethical aspects.
<http://id.loc.gov/authorities/subjects/sh85027174>	Clothing trade
<urn:rula:0f0a40d0ee9c9cc4932a84ed5ee9f3d3b8512c1845ede7ba167129dd8a124eb0>	Fashion & society.
<urn:rula:ee5b38689b0b370458e3b7f4f274bdc16fc3c1a69176f666620fd924d3c47eba>	Charities--Case studies.
<http://id.loc.gov/authorities/subjects/sh85022665>	Charities
<urn:rula:0955ee3759a2d554c8fc47b21fb8a4e19072ebe88bbc2cc02a5dc1e2a51c51ab>	Charities--History.
