<urn:rula:e64a1a3dc22bd64c6fd69997006762275cbc69848461efa56ce5c581553b62d8>	Social Science--Feminism & Feminist Theory.
<urn:rula:8af02c48fe716ee651a2afd5feb14134409c83f0a1ae8f1b0008b4f0e453aec8>	Psychology--General.
<http://id.loc.gov/authorities/subjects/sh2002011487>	Psychology
<urn:rula:1dfe5ecae4f0c21b27f627ff7580780b5c425b343c4345fb9ce706280eded33e>	Psychology--Social Psychology.
<urn:rula:8332d7189234526af2e33a7ea3ab83c80d1fccf9f2169ddb70963c4a364dfb80>	Social Science--Gender Studies.
<urn:rula:4a191b1d0a8fe4e994fdc723a9351255fd45807888c30cb3b619ed96ea63a78f>	Social Science --Women's Studies.
<urn:rula:094de456229bc7c4104a25c84bfd116c8abb7b9f2e15d0ddee6c463a78306ab0>	Psychology--Mental Illness.
