<urn:rula:5f8ff5a755cb96793ccefccc8afcbf6145b4405c6191316d1b634ab3d9eb2234>	Clay--Ontario--Ottawa Region--Testing
<http://id.loc.gov/authorities/subjects/sh85026864>	Clay
<urn:rula:a2a4552afa670f3596ac1c31d3e4ad749175aaf8cb5f90abdaf7fa5cf6e750fa>	Soil permeability--Ontario--Ottawa Region--Testing
<http://id.loc.gov/authorities/subjects/sh85124367>	Soil permeability
<http://id.loc.gov/authorities/subjects/sh85124335>	Soil consolidation test
<http://id.loc.gov/authorities/subjects/sh85119500>	Sediment compaction
<http://id.loc.gov/authorities/subjects/sh85063381>	Hydrochloric acid
<urn:rula:605d90a594fd0a3d649d90254b59285af8f526a3f1c1881ef66e148713a59cd9>	Leachate--Analysis
<http://id.loc.gov/authorities/subjects/sh85075433>	Leachate
