<urn:rula:63faf7a500c674c522d816a62a8e2d6f33cd75d1ce2477f329c595b0acbe5829>	Social Science--LGBT Studies--Gay Studies.
<urn:rula:d0a55503aec4f9bf65653645b59b76b546e251b1ff799fc10291bef76197e60b>	Social Science--Sociology--General.
<urn:rula:5c06aa3b086281229e8721dbfea27c1f7f03cf9f881f3c9ada98fa33e2929908>	Design--Fashion & Accessories.
<http://id.loc.gov/authorities/subjects/sh2002006371>	Design
<urn:rula:b7213e8cbb81cfde3d09af82a9cefed955ae99a8378118f1dacdf885d89ab56c>	Psychology--Human Sexuality.
<http://id.loc.gov/authorities/subjects/sh2002011487>	Psychology
<urn:rula:bf5d893ebe1efa96e8e40dc0f5f5981822b645aeb708f88b1ae09bb9c06787b1>	Social Science--Anthropology--General.
