<urn:rula:a13bd38f6bc658c00254178a56dd3b7922c0c2526e892f435f7ceaa92a316945>	Emigration and immigration--Germany--Government policy
<http://id.loc.gov/authorities/subjects/sh00005907>	Emigration and immigration
<urn:rula:fd0a4340571f7b893254161b0aa592757e6637cd88a1d5b932650b777c5a9eeb>	Germany--Emigration and immigration--Government policy
<http://id.loc.gov/authorities/subjects/sh85054504>	Germany--Emigration and immigration
<http://id.loc.gov/authorities/subjects/sh2008114564>	Canada--Emigration and immigration--Government policy
<urn:rula:7da913a73d36b40935f187f8daf4d9525c3e4604086874b0f82590072b4c397a>	Non-governmental organizations--Germany
<http://id.loc.gov/authorities/subjects/sh86007360>	Non-governmental organizations
<urn:rula:7c621a764fe13d9c6a26434dadc3e18a4363a4cc22bd8df9a9dc5bdc75de425c>	Non-governmental organizations--Canada
<http://id.loc.gov/authorities/subjects/sh2008110583>	Refugees--Germany
<urn:rula:a46cbeee579adaebdd7185630e67b18662337ac3d22859feafca86fd8107b244>	Refugees--Canada
<http://id.loc.gov/authorities/subjects/sh00007585>	Refugees
<urn:rula:8e0a4c96eb1be551cfcdb126774173d63753e8e517fa31e73845879cf766f29b>	Emigration and immigration--Canada--Government policy
<http://id.loc.gov/authorities/subjects/sh85123964>	Social inclusion
