<urn:rula:895a053b7309313a76de58e256f8f5ae8efbb2fccbfb73435e729ab0129d5da6>	Vegans--Social aspects
<http://id.loc.gov/authorities/subjects/sh2003011014>	Vegans
<urn:rula:701369d6b9ab8d65d12cfa933b33365dd6ee9f75470f788801be203e882648dc>	Vegans--Religious aspects
<urn:rula:415d8bf7352667b5c33ee18aa70dc11aff3d7e7f32e574aa4ea2a45a316dba4c>	Vegetarians--Social aspects
<http://id.loc.gov/authorities/subjects/sh85142523>	Vegetarians
<urn:rula:d4bd166a681db2c610b89c7aa726bb3f87abfa6ff9b9b205143b675e330fa624>	Vegetarians--Religious aspects
<urn:rula:613fe0985944573c48efd6ca5971b73bd96cf46b505d67ca3d5f0961b15ac694>	Diet--Religious aspects
<http://id.loc.gov/authorities/subjects/sh85037853>	Diet
<urn:rula:9fcc3312c115b14d9ca0b38b9530719c0d1dc247e438bd73e63a0ee56e6851c3>	Diet--Social aspects
<http://id.loc.gov/authorities/subjects/sh85122447>	Sikhs--Dietary laws
