<http://id.loc.gov/authorities/subjects/sh2012001896>	Executive functions (Neuropsychology)
<http://id.loc.gov/authorities/subjects/sh2008107964>	Motherhood--Psychological aspects
<urn:rula:651b2e0efe02225eafeb1861c916ceb198cfd421aa2d8ebba636af0cfbb18f48>	Mother and infant--Psychological aspects
<http://id.loc.gov/authorities/subjects/sh86005300>	Mother and infant
<urn:rula:864ef02bd8c196d487704cde45887d3ab7440292627a4e6439fb07e458bd45bc>	Mother and child--Psychological aspects
<http://id.loc.gov/authorities/subjects/sh85087517>	Mother and child
<http://id.loc.gov/authorities/subjects/sh85023357>	Child development
<http://id.loc.gov/authorities/subjects/sh95009930>	Sensitivity (Personality trait)
<http://id.loc.gov/authorities/subjects/sh88000985>	Cognition in infants
<urn:rula:d711ae30253883bf140d0af531d9c6d5da918ceef01c9fd0a0cf89c72f957632>	Cognition in child
