<urn:rula:585ec24c779d537bd2541d6000ab4a6a4a644ac3a8ca1cfc19ad9a15df85f03f>	Special education--Parent participation--Ontario--Toronto
<http://id.loc.gov/authorities/subjects/sh95001540>	Special education--Parent participation
<urn:rula:c5339765a28cc9b846ee24801770c757a8fc4c12d9b169a61cba31dc6695d106>	Pakistani Canadians--Attitudes
<urn:rula:f61cb09ef268e137e279f012ed2ad372c12327dd7cfddadd9867780c50f3d7b8>	Special education teachers--Ontario--Toronto--Attitudes
<http://id.loc.gov/authorities/subjects/sh85133023>	Special education teachers
<urn:rula:60e81169a0f8a07622c392e8e9b91e09f444a068b2ee5fb57c8081cde48c3fc4>	Children of immigrants--Education--Ontario--Toronto
<http://id.loc.gov/authorities/subjects/sh85023553>	Children of immigrants--Education
