<http://id.loc.gov/authorities/subjects/sh85110696>	Radiography, Medical--Image quality
<urn:rula:60e38e13d61eaffb8c2fd49f43114d363cc33d49161c282af5091b089a4f20e2>	Radiation dosimetry--Mathematical models
<http://id.loc.gov/authorities/subjects/sh85110354>	Radiation dosimetry
<urn:rula:b7ac5c2a354182a6d6411578c42a5a270fddd001b77b23d422cff711abb4c15f>	Diagnostic imaging--Image quality
<http://id.loc.gov/authorities/subjects/sh85037507>	Diagnostic imaging
<http://id.loc.gov/authorities/subjects/sh00006372>	Tomography
<http://id.loc.gov/authorities/subjects/sh85083001>	Medical physics
<http://id.loc.gov/authorities/subjects/sh2007007428>	Pediatric tomography
