<urn:rula:53950883d85bb8e90a0e4789e873465a439d19fa4c4958e4e731406349227de8>	Polybrominated diphenyl ethers--Environmental aspects
<http://id.loc.gov/authorities/subjects/sh2001008175>	Polybrominated diphenyl ethers
<http://id.loc.gov/authorities/subjects/sh85006239>	Aquatic organisms--Effect of water pollution on
<urn:rula:381a017ad640d9b5db615c8342908a7fa42399a0125d2f5364c0960521dfa483>	Aquatic ecology--Effect of water pollution on
<http://id.loc.gov/authorities/subjects/sh85006232>	Aquatic ecology
<urn:rula:6aa0c4ab4aaa3cf9dc19baa8abb11d6a6e22ed9cde6bb3ae97c2e2ef76c96e6c>	Polybrominated biphenyls--Toxicology
<http://id.loc.gov/authorities/subjects/sh85104593>	Polybrominated biphenyls
<http://id.loc.gov/authorities/subjects/sh00007758>	Bioaccumulation
