<urn:rula:baa760a377c2401f54b3ed562f9aba30fc3af64533ff6d339367b620c5ead011>	MS-13 (Gang)
<urn:rula:d60b1fa7a1e5c2a19ba01472f2223f12ea3e6a6760e7d6b85e60fe761c86f971>	Gangs--Press coverage--Canada
<http://id.loc.gov/authorities/subjects/sh95002868>	Gangs--Press coverage
<urn:rula:0200125d00843b681668b9ac24edde29fe73e77c75ddaca4df49dbe3bf4a8cbf>	Youth and violence--Canada
<http://id.loc.gov/authorities/subjects/sh99000309>	Youth and violence
<urn:rula:b137bfc5d4be5e8cbd8fc53cfd848c9422a3708a2e71f8c48d9288a55fe0c056>	Juvenile delinquents--Canada
<http://id.loc.gov/authorities/subjects/sh85071174>	Juvenile delinquents
<http://id.loc.gov/authorities/subjects/sh2008122655>	Juvenile delinquency--Canada
<http://id.loc.gov/authorities/subjects/sh2009122307>	Crime--Canada
