<urn:rula:477cb30f42cc162e0ab189876851e2fe3c0d9ba87a0ce7bf4abafe648443b1ab>	Polymers--Separation--Computer simulation
<http://id.loc.gov/authorities/subjects/sh94001270>	Polymers--Separation
<urn:rula:33013c1f0cc35413fc9c04230ff384e43c379161aa0be8af9e6e4c30770df3d8>	Polymer solutions--Computer simulation
<http://id.loc.gov/authorities/subjects/sh89005265>	Polymer solutions
<urn:rula:b5da2a4772d223344a38d5ffde4288fa2f815c4b0b6d52e28faa4b01c657955d>	Polymers--Separation--Mathematical models
<urn:rula:5428a6c3a48e13a5342060c9528e7a8104f661921500c48816dc46d3e1ff06ec>	Polymer solutions--Mathematical models
<http://id.loc.gov/authorities/subjects/sh87000316>	Polymer liquid crystals
