<urn:rula:e5853e3d6393835281f9e4c15d25f0da97f55813c77974c55b7fa09a4940cae0>	Sports facilities--Environmental aspects
<http://id.loc.gov/authorities/subjects/sh85126921>	Sports facilities
<urn:rula:27c74a022c37d22e6fbd5f62259fc0fbcf575e54db76777548b02e7e1418ea1f>	Gymnasiums--Environmental aspects--Ontario--Toronto
<http://id.loc.gov/authorities/subjects/sh85058057>	Gymnasiums
<http://id.loc.gov/authorities/subjects/sh00004838>	Sustainable architecture
<http://id.loc.gov/authorities/subjects/sh85131743>	System theory
